"NAME_E","type","cell_area","id","value","var","rcp"
"Basin Head Marine Protected Area","MPA",8.64262114660599,1,0.390797686061292,"vuln","26"
"Basin Head Marine Protected Area","MPA",0.241572620315136,2,0.390797686061292,"vuln","26"
"Basin Head Marine Protected Area","MPA",0.354147479632206,3,0.390797686061292,"vuln","26"
"Endeavour Hydrothermal Vents Marine Protected Area","MPA",97.0671872802995,4,0.305143832057056,"vuln","26"
"Gully Marine Protected Area","MPA",475.404085614462,5,0.290679480751363,"vuln","26"
"Gully Marine Protected Area","MPA",1430.94881901792,6,0.290679480751363,"vuln","26"
"Gully Marine Protected Area","MPA",181.918860366909,7,0.290679480751363,"vuln","26"
"Gully Marine Protected Area","MPA",275.100723159617,8,0.290679480751363,"vuln","26"
"Anguniaqvia niqiqyuam Marine Protected Area","MPA",218.587938396342,9,0.385406719869922,"vuln","26"
"Anguniaqvia niqiqyuam Marine Protected Area","MPA",1149.80561921206,10,0.388544852299303,"vuln","26"
"Anguniaqvia niqiqyuam Marine Protected Area","MPA",949.356909522504,11,0.396725062156635,"vuln","26"
"Anguniaqvia niqiqyuam Marine Protected Area","MPA",38.4626282613625,12,0.388544852299303,"vuln","26"
"Hecate Strait and Queen Charlotte Sound Glass Sponge Reefs Marine Protected Areas","MPA",1382.83955824737,13,0.391902800251728,"vuln","26"
"Hecate Strait and Queen Charlotte Sound Glass Sponge Reefs Marine Protected Areas","MPA",497.58007058563,14,0.391902800251728,"vuln","26"
"Hecate Strait and Queen Charlotte Sound Glass Sponge Reefs Marine Protected Areas","MPA",312.579990901465,15,0.391902800251728,"vuln","26"
"Hecate Strait and Queen Charlotte Sound Glass Sponge Reefs Marine Protected Areas","MPA",759.018145132307,16,0.316013348046075,"vuln","26"
"Hecate Strait and Queen Charlotte Sound Glass Sponge Reefs Marine Protected Areas","MPA",524.087717590748,17,0.316013348046075,"vuln","26"
"Hecate Strait and Queen Charlotte Sound Glass Sponge Reefs Marine Protected Areas","MPA",268.057576475515,18,0.391902800251728,"vuln","26"
"Hecate Strait and Queen Charlotte Sound Glass Sponge Reefs Marine Protected Areas","MPA",168.112672765768,19,0.391902800251728,"vuln","26"
"SGaan Kinghlas-Bowie Seamount Marine Protected Area","MPA",6103.21478615233,20,0.264061398694294,"vuln","26"
"SGaan Kinghlas-Bowie Seamount Marine Protected Area","MPA",0.00988001299774647,21,0.316013348046075,"vuln","26"
"St. Anns Bank Marine Protected Area","MPA",719.759366547536,22,0.370872474463121,"vuln","26"
"St. Anns Bank Marine Protected Area","MPA",113.257336761373,23,0.370872474463121,"vuln","26"
"St. Anns Bank Marine Protected Area","MPA",221.438324525357,24,0.370872474463121,"vuln","26"
"St. Anns Bank Marine Protected Area","MPA",3309.4531859835,25,0.370872474463121,"vuln","26"
"Eastport – Duck Island Marine Protected Area","MPA",1.76796652117767,26,0.355963088786206,"vuln","26"
"Eastport – Round Island Marine Protected Area","MPA",0.330399418062407,27,0.355963088786206,"vuln","26"
"Banc-des-Américains Marine Protected Area","MPA",126.53840321397,28,0.390797686061292,"vuln","26"
"Banc-des-Américains Marine Protected Area","MPA",570.597630978546,29,0.390797686061292,"vuln","26"
"Banc-des-Américains Marine Protected Area","MPA",302.950219892752,30,0.390797686061292,"vuln","26"
"Laurentian Channel Marine Protected Area","MPA",1494.88434608104,31,0.370872474463121,"vuln","26"
"Laurentian Channel Marine Protected Area","MPA",611.470693282166,32,0.370872474463121,"vuln","26"
"Laurentian Channel Marine Protected Area","MPA",4035.24330217855,33,0.370872474463121,"vuln","26"
"Laurentian Channel Marine Protected Area","MPA",5411.22714778716,34,0.370872474463121,"vuln","26"
"Laurentian Channel Marine Protected Area","MPA",23.6506868079857,35,0.290679480751363,"vuln","26"
"Tuvaijuittuq Marine Protected Area","MPA",6396.64763628534,36,0.293507708098174,"vuln","26"
"Tuvaijuittuq Marine Protected Area","MPA",1596.71671950092,37,0.299608068954254,"vuln","26"
"Tuvaijuittuq Marine Protected Area","MPA",39271.0805577963,38,0.324396865162051,"vuln","26"
"Tuvaijuittuq Marine Protected Area","MPA",39196.7377997999,39,0.319870097191271,"vuln","26"
"Tuvaijuittuq Marine Protected Area","MPA",33880.7030747798,40,0.318131182494223,"vuln","26"
"Tuvaijuittuq Marine Protected Area","MPA",28508.3893622142,41,0.332893591867324,"vuln","26"
"Tuvaijuittuq Marine Protected Area","MPA",25246.7741177672,42,0.331340293718515,"vuln","26"
"Tuvaijuittuq Marine Protected Area","MPA",20670.3047652441,43,0.326583977145953,"vuln","26"
"Tuvaijuittuq Marine Protected Area","MPA",14407.5270138215,44,0.306256563052442,"vuln","26"
"Tuvaijuittuq Marine Protected Area","MPA",11899.6671183428,45,0.307841719689028,"vuln","26"
"Tuvaijuittuq Marine Protected Area","MPA",14071.4582677393,46,0.313396528374502,"vuln","26"
"Tuvaijuittuq Marine Protected Area","MPA",18195.1654833467,47,0.31082005614728,"vuln","26"
"Tuvaijuittuq Marine Protected Area","MPA",9551.55374753121,48,0.306714848798522,"vuln","26"
"Tuvaijuittuq Marine Protected Area","MPA",10481.8323062975,49,0.334295623703721,"vuln","26"
"Tuvaijuittuq Marine Protected Area","MPA",1529.41708869447,50,0.339438294972852,"vuln","26"
"Tuvaijuittuq Marine Protected Area","MPA",666.98617405529,51,0.371166573145065,"vuln","26"
"Trout River Lobster closure","OECM",0.649755963521018,52,0.370872474463121,"vuln","26"
"Gander Bay Lobster closure","OECM",76.3601407971297,53,0.355963088786206,"vuln","26"
"Mouse Island Lobster closure","OECM",0.377706815097234,54,0.370872474463121,"vuln","26"
"Glovers Harbour Lobster closure","OECM",0.86243353487441,55,0.370872474463121,"vuln","26"
"Gooseberry Island Lobster closure","OECM",0.0282769535375801,56,0.355963088786206,"vuln","26"
"Shoal Point Lobster closure","OECM",0.647165787501812,57,0.370872474463121,"vuln","26"
"Penguin Islands Lobster closure","OECM",15.5253869203192,58,0.370872474463121,"vuln","26"
"Jordan Basin Conservation Area","OECM",48.8261843408462,59,0.36020368697556,"vuln","26"
"Northeast Channel Coral Conservation Area, Restricted Bottom Fisheries Zone","OECM",390.864155401027,60,0.36020368697556,"vuln","26"
"Corsair and Georges Canyons Conservation Area, Restricted Bottom Fisheries Zone","OECM",7132.20907784282,61,0.36020368697556,"vuln","26"
"Corsair and Georges Canyons Conservation Area, Restricted Bottom Fisheries Zone","OECM",1650.45083159349,62,0.32295183037715,"vuln","26"
"Emerald Basin Sponge Conservation Area","OECM",197.063240713519,63,0.32295183037715,"vuln","26"
"Sambro Bank Sponge Conservation Area","OECM",62.5376059064569,64,0.32295183037715,"vuln","26"
"Lophelia Coral Conservation Area","OECM",14.7238643881459,65,0.290679480751363,"vuln","26"
"Magdalen Islands Lagoons closures","OECM",135.554809777785,66,0.390797686061292,"vuln","26"
"Fisheries closure in the Les Demoiselles nursery, Plaisance Bay, Magdalen Islands","OECM",0.332196795611524,67,0.390797686061292,"vuln","26"
"Miramichi Bay closure","OECM",1186.12358702881,68,0.390797686061292,"vuln","26"
"Parent Bank Sponge Conservation Area","OECM",185.163176365994,69,0.390797686061292,"vuln","26"
"Jacques-Cartier Strait Sponge Conservation Area","OECM",144.075548426126,70,0.390797686061292,"vuln","26"
"Eastern Honguedo Strait Coral and Sponge Conservation Area","OECM",2336.49506928251,71,0.390797686061292,"vuln","26"
"South-East of Anticosti Island Sponge Conservation Area","OECM",845.302428176413,72,0.390797686061292,"vuln","26"
"Beaugé Bank Sponge Conservation Area","OECM",214.551130900237,73,0.390797686061292,"vuln","26"
"East of Anticosti Island Sponge Conservation Area","OECM",939.638243828852,74,0.390797686061292,"vuln","26"
"North of Bennett Bank Coral Conservation Area","OECM",821.098592384708,75,0.390797686061292,"vuln","26"
"Western Honguedo Strait Coral Conservation Area","OECM",495.71350814545,76,0.390797686061292,"vuln","26"
"Central Gulf of St. Lawrence Coral Conservation Area","OECM",1283.99034790846,77,0.390797686061292,"vuln","26"
"Slope of Magdalen Shallows Coral Conservation Area","OECM",334.816084632488,78,0.390797686061292,"vuln","26"
"Eastern Gulf of St. Lawrence Coral Conservation Area","OECM",422.594210350948,79,0.390797686061292,"vuln","26"
"Western/Emerald Banks Conservation Area (restricted fisheries zone)","OECM",10231.8035501467,80,0.32295183037715,"vuln","26"
"Offshore Pacific Seamounts and Vents Closure","OECM",12905.6093317442,81,0.316013348046075,"vuln","26"
"Offshore Pacific Seamounts and Vents Closure","OECM",1013.80217823335,82,0.391902800251728,"vuln","26"
"Offshore Pacific Seamounts and Vents Closure","OECM",35885.7615409573,83,0.262982404822697,"vuln","26"
"Offshore Pacific Seamounts and Vents Closure","OECM",32716.9712920688,84,0.305143832057056,"vuln","26"
"Disko Fan Conservation Area (portion closed to all bottom-contact fishing)","OECM",2357.33154074088,85,0.346173286459433,"vuln","26"
"Disko Fan Conservation Area (portion closed to all bottom-contact fishing)","OECM",5128.04994384089,86,0.33793137350603,"vuln","26"
"Davis Strait Conservation Area","OECM",12006.0302124671,87,0.33793137350603,"vuln","26"
"Davis Strait Conservation Area","OECM",5264.6363960972,88,0.305714621998987,"vuln","26"
"Funk Island Deep Closure","OECM",5051.72431337508,89,0.327107401678257,"vuln","26"
"Funk Island Deep Closure","OECM",2222.72949355844,90,0.355963088786206,"vuln","26"
"Hatton Basin Conservation Area","OECM",34133.8116656886,91,0.347201805623545,"vuln","26"
"Hatton Basin Conservation Area","OECM",7367.520897676,92,0.305714621998987,"vuln","26"
"Hawke Channel  Closure","OECM",8836.82100569973,93,0.327107401678257,"vuln","26"
"Hopedale Saddle Closure","OECM",15382.9515248044,94,0.306862725076053,"vuln","26"
"Division 3O Coral closure","OECM",10435.9933198539,95,0.335817596033103,"vuln","26"
"Bay of Islands Salmon Migration closure","OECM",217.452230772619,96,0.370872474463121,"vuln","26"
"Northeast Newfoundland Slope Closure","OECM",7360.37251318137,97,0.327107401678257,"vuln","26"
"Northeast Newfoundland Slope Closure","OECM",24043.1876090989,98,0.285130715262307,"vuln","26"
"Northeast Newfoundland Slope Closure","OECM",1101.58763078677,99,0.355963088786206,"vuln","26"
"Northeast Newfoundland Slope Closure","OECM",22851.849059068,100,0.332647364263912,"vuln","26"
"Scallop Buffer Zone SFA 21","OECM",333.100083668941,101,0.390797686061292,"vuln","26"
"Scallop Buffer Zone SFA 22","OECM",2801.55317160921,102,0.390797686061292,"vuln","26"
"Scallop Buffer Zone SFA 24","OECM",2322.12636155891,103,0.390797686061292,"vuln","26"
"Eastern Canyons Marine Refuge","OECM",43976.2714732577,104,0.290679480751363,"vuln","26"
"Basin Head Marine Protected Area","MPA",8.64262114660599,1,0.382417919138572,"sens","26"
"Basin Head Marine Protected Area","MPA",0.241572620315136,2,0.382417919138572,"sens","26"
"Basin Head Marine Protected Area","MPA",0.354147479632206,3,0.382417919138572,"sens","26"
"Endeavour Hydrothermal Vents Marine Protected Area","MPA",97.0671872802995,4,0.19264199176551,"sens","26"
"Gully Marine Protected Area","MPA",475.404085614462,5,0.285106238755472,"sens","26"
"Gully Marine Protected Area","MPA",1430.94881901792,6,0.285106238755472,"sens","26"
"Gully Marine Protected Area","MPA",181.918860366909,7,0.285106238755472,"sens","26"
"Gully Marine Protected Area","MPA",275.100723159617,8,0.285106238755472,"sens","26"
"Anguniaqvia niqiqyuam Marine Protected Area","MPA",218.587938396342,9,0.276483764492359,"sens","26"
"Anguniaqvia niqiqyuam Marine Protected Area","MPA",1149.80561921206,10,0.278447262623991,"sens","26"
"Anguniaqvia niqiqyuam Marine Protected Area","MPA",949.356909522504,11,0.321880502488515,"sens","26"
"Anguniaqvia niqiqyuam Marine Protected Area","MPA",38.4626282613625,12,0.278447262623991,"sens","26"
"Hecate Strait and Queen Charlotte Sound Glass Sponge Reefs Marine Protected Areas","MPA",1382.83955824737,13,0.293293247441745,"sens","26"
"Hecate Strait and Queen Charlotte Sound Glass Sponge Reefs Marine Protected Areas","MPA",497.58007058563,14,0.293293247441745,"sens","26"
"Hecate Strait and Queen Charlotte Sound Glass Sponge Reefs Marine Protected Areas","MPA",312.579990901465,15,0.293293247441745,"sens","26"
"Hecate Strait and Queen Charlotte Sound Glass Sponge Reefs Marine Protected Areas","MPA",759.018145132307,16,0.207105230945043,"sens","26"
"Hecate Strait and Queen Charlotte Sound Glass Sponge Reefs Marine Protected Areas","MPA",524.087717590748,17,0.207105230945043,"sens","26"
"Hecate Strait and Queen Charlotte Sound Glass Sponge Reefs Marine Protected Areas","MPA",268.057576475515,18,0.293293247441745,"sens","26"
"Hecate Strait and Queen Charlotte Sound Glass Sponge Reefs Marine Protected Areas","MPA",168.112672765768,19,0.293293247441745,"sens","26"
"SGaan Kinghlas-Bowie Seamount Marine Protected Area","MPA",6103.21478615233,20,0.141807951226896,"sens","26"
"SGaan Kinghlas-Bowie Seamount Marine Protected Area","MPA",0.00988001299774647,21,0.207105230945043,"sens","26"
"St. Anns Bank Marine Protected Area","MPA",719.759366547536,22,0.355884299175543,"sens","26"
"St. Anns Bank Marine Protected Area","MPA",113.257336761373,23,0.355884299175543,"sens","26"
"St. Anns Bank Marine Protected Area","MPA",221.438324525357,24,0.355884299175543,"sens","26"
"St. Anns Bank Marine Protected Area","MPA",3309.4531859835,25,0.355884299175543,"sens","26"
"Eastport – Duck Island Marine Protected Area","MPA",1.76796652117767,26,0.342249012412472,"sens","26"
"Eastport – Round Island Marine Protected Area","MPA",0.330399418062407,27,0.342249012412472,"sens","26"
"Banc-des-Américains Marine Protected Area","MPA",126.53840321397,28,0.382417919138572,"sens","26"
"Banc-des-Américains Marine Protected Area","MPA",570.597630978546,29,0.382417919138572,"sens","26"
"Banc-des-Américains Marine Protected Area","MPA",302.950219892752,30,0.382417919138572,"sens","26"
"Laurentian Channel Marine Protected Area","MPA",1494.88434608104,31,0.355884299175543,"sens","26"
"Laurentian Channel Marine Protected Area","MPA",611.470693282166,32,0.355884299175543,"sens","26"
"Laurentian Channel Marine Protected Area","MPA",4035.24330217855,33,0.355884299175543,"sens","26"
"Laurentian Channel Marine Protected Area","MPA",5411.22714778716,34,0.355884299175543,"sens","26"
"Laurentian Channel Marine Protected Area","MPA",23.6506868079857,35,0.285106238755472,"sens","26"
"Tuvaijuittuq Marine Protected Area","MPA",6396.64763628534,36,0.131182210926728,"sens","26"
"Tuvaijuittuq Marine Protected Area","MPA",1596.71671950092,37,0.140641306971862,"sens","26"
"Tuvaijuittuq Marine Protected Area","MPA",39271.0805577963,38,0.148891491259232,"sens","26"
"Tuvaijuittuq Marine Protected Area","MPA",39196.7377997999,39,0.156179594475846,"sens","26"
"Tuvaijuittuq Marine Protected Area","MPA",33880.7030747798,40,0.171843044366873,"sens","26"
"Tuvaijuittuq Marine Protected Area","MPA",28508.3893622142,41,0.193008261432229,"sens","26"
"Tuvaijuittuq Marine Protected Area","MPA",25246.7741177672,42,0.214684937801913,"sens","26"
"Tuvaijuittuq Marine Protected Area","MPA",20670.3047652441,43,0.202958793914388,"sens","26"
"Tuvaijuittuq Marine Protected Area","MPA",14407.5270138215,44,0.179974659352393,"sens","26"
"Tuvaijuittuq Marine Protected Area","MPA",11899.6671183428,45,0.181869940212912,"sens","26"
"Tuvaijuittuq Marine Protected Area","MPA",14071.4582677393,46,0.184499712847382,"sens","26"
"Tuvaijuittuq Marine Protected Area","MPA",18195.1654833467,47,0.190882699309259,"sens","26"
"Tuvaijuittuq Marine Protected Area","MPA",9551.55374753121,48,0.176438966579168,"sens","26"
"Tuvaijuittuq Marine Protected Area","MPA",10481.8323062975,49,0.198782910963164,"sens","26"
"Tuvaijuittuq Marine Protected Area","MPA",1529.41708869447,50,0.243862811939939,"sens","26"
"Tuvaijuittuq Marine Protected Area","MPA",666.98617405529,51,0.317022824693943,"sens","26"
"Trout River Lobster closure","OECM",0.649755963521018,52,0.355884299175543,"sens","26"
"Gander Bay Lobster closure","OECM",76.3601407971297,53,0.342249012412472,"sens","26"
"Mouse Island Lobster closure","OECM",0.377706815097234,54,0.355884299175543,"sens","26"
"Glovers Harbour Lobster closure","OECM",0.86243353487441,55,0.355884299175543,"sens","26"
"Gooseberry Island Lobster closure","OECM",0.0282769535375801,56,0.342249012412472,"sens","26"
"Shoal Point Lobster closure","OECM",0.647165787501812,57,0.355884299175543,"sens","26"
"Penguin Islands Lobster closure","OECM",15.5253869203192,58,0.355884299175543,"sens","26"
"Jordan Basin Conservation Area","OECM",48.8261843408462,59,0.353232651029128,"sens","26"
"Northeast Channel Coral Conservation Area, Restricted Bottom Fisheries Zone","OECM",390.864155401027,60,0.353232651029128,"sens","26"
"Corsair and Georges Canyons Conservation Area, Restricted Bottom Fisheries Zone","OECM",7132.20907784282,61,0.353232651029128,"sens","26"
"Corsair and Georges Canyons Conservation Area, Restricted Bottom Fisheries Zone","OECM",1650.45083159349,62,0.320997615669557,"sens","26"
"Emerald Basin Sponge Conservation Area","OECM",197.063240713519,63,0.320997615669557,"sens","26"
"Sambro Bank Sponge Conservation Area","OECM",62.5376059064569,64,0.320997615669557,"sens","26"
"Lophelia Coral Conservation Area","OECM",14.7238643881459,65,0.285106238755472,"sens","26"
"Magdalen Islands Lagoons closures","OECM",135.554809777785,66,0.382417919138572,"sens","26"
"Fisheries closure in the Les Demoiselles nursery, Plaisance Bay, Magdalen Islands","OECM",0.332196795611524,67,0.382417919138572,"sens","26"
"Miramichi Bay closure","OECM",1186.12358702881,68,0.382417919138572,"sens","26"
"Parent Bank Sponge Conservation Area","OECM",185.163176365994,69,0.382417919138572,"sens","26"
"Jacques-Cartier Strait Sponge Conservation Area","OECM",144.075548426126,70,0.382417919138572,"sens","26"
"Eastern Honguedo Strait Coral and Sponge Conservation Area","OECM",2336.49506928251,71,0.382417919138572,"sens","26"
"South-East of Anticosti Island Sponge Conservation Area","OECM",845.302428176413,72,0.382417919138572,"sens","26"
"Beaugé Bank Sponge Conservation Area","OECM",214.551130900237,73,0.382417919138572,"sens","26"
"East of Anticosti Island Sponge Conservation Area","OECM",939.638243828852,74,0.382417919138572,"sens","26"
"North of Bennett Bank Coral Conservation Area","OECM",821.098592384708,75,0.382417919138572,"sens","26"
"Western Honguedo Strait Coral Conservation Area","OECM",495.71350814545,76,0.382417919138572,"sens","26"
"Central Gulf of St. Lawrence Coral Conservation Area","OECM",1283.99034790846,77,0.382417919138572,"sens","26"
"Slope of Magdalen Shallows Coral Conservation Area","OECM",334.816084632488,78,0.382417919138572,"sens","26"
"Eastern Gulf of St. Lawrence Coral Conservation Area","OECM",422.594210350948,79,0.382417919138572,"sens","26"
"Western/Emerald Banks Conservation Area (restricted fisheries zone)","OECM",10231.8035501467,80,0.320997615669557,"sens","26"
"Offshore Pacific Seamounts and Vents Closure","OECM",12905.6093317442,81,0.207105230945043,"sens","26"
"Offshore Pacific Seamounts and Vents Closure","OECM",1013.80217823335,82,0.293293247441745,"sens","26"
"Offshore Pacific Seamounts and Vents Closure","OECM",35885.7615409573,83,0.149788245504347,"sens","26"
"Offshore Pacific Seamounts and Vents Closure","OECM",32716.9712920688,84,0.19264199176551,"sens","26"
"Disko Fan Conservation Area (portion closed to all bottom-contact fishing)","OECM",2357.33154074088,85,0.228478646848542,"sens","26"
"Disko Fan Conservation Area (portion closed to all bottom-contact fishing)","OECM",5128.04994384089,86,0.212226503221429,"sens","26"
"Davis Strait Conservation Area","OECM",12006.0302124671,87,0.212226503221429,"sens","26"
"Davis Strait Conservation Area","OECM",5264.6363960972,88,0.207854830637544,"sens","26"
"Funk Island Deep Closure","OECM",5051.72431337508,89,0.250071011543019,"sens","26"
"Funk Island Deep Closure","OECM",2222.72949355844,90,0.342249012412472,"sens","26"
"Hatton Basin Conservation Area","OECM",34133.8116656886,91,0.245096501604966,"sens","26"
"Hatton Basin Conservation Area","OECM",7367.520897676,92,0.207854830637544,"sens","26"
"Hawke Channel  Closure","OECM",8836.82100569973,93,0.250071011543019,"sens","26"
"Hopedale Saddle Closure","OECM",15382.9515248044,94,0.241091858312374,"sens","26"
"Division 3O Coral closure","OECM",10435.9933198539,95,0.322792753191946,"sens","26"
"Bay of Islands Salmon Migration closure","OECM",217.452230772619,96,0.355884299175543,"sens","26"
"Northeast Newfoundland Slope Closure","OECM",7360.37251318137,97,0.250071011543019,"sens","26"
"Northeast Newfoundland Slope Closure","OECM",24043.1876090989,98,0.218614796746517,"sens","26"
"Northeast Newfoundland Slope Closure","OECM",1101.58763078677,99,0.342249012412472,"sens","26"
"Northeast Newfoundland Slope Closure","OECM",22851.849059068,100,0.300311674200213,"sens","26"
"Scallop Buffer Zone SFA 21","OECM",333.100083668941,101,0.382417919138572,"sens","26"
"Scallop Buffer Zone SFA 22","OECM",2801.55317160921,102,0.382417919138572,"sens","26"
"Scallop Buffer Zone SFA 24","OECM",2322.12636155891,103,0.382417919138572,"sens","26"
"Eastern Canyons Marine Refuge","OECM",43976.2714732577,104,0.285106238755472,"sens","26"
"Basin Head Marine Protected Area","MPA",8.64262114660599,1,0.555471458632591,"adcap","26"
"Basin Head Marine Protected Area","MPA",0.241572620315136,2,0.555471458632591,"adcap","26"
"Basin Head Marine Protected Area","MPA",0.354147479632206,3,0.555471458632591,"adcap","26"
"Endeavour Hydrothermal Vents Marine Protected Area","MPA",97.0671872802995,4,0.545614393777802,"adcap","26"
"Gully Marine Protected Area","MPA",475.404085614462,5,0.58775187099419,"adcap","26"
"Gully Marine Protected Area","MPA",1430.94881901792,6,0.58775187099419,"adcap","26"
"Gully Marine Protected Area","MPA",181.918860366909,7,0.58775187099419,"adcap","26"
"Gully Marine Protected Area","MPA",275.100723159617,8,0.58775187099419,"adcap","26"
"Anguniaqvia niqiqyuam Marine Protected Area","MPA",218.587938396342,9,0.492863127902423,"adcap","26"
"Anguniaqvia niqiqyuam Marine Protected Area","MPA",1149.80561921206,10,0.500308994800024,"adcap","26"
"Anguniaqvia niqiqyuam Marine Protected Area","MPA",949.356909522504,11,0.491271075967993,"adcap","26"
"Anguniaqvia niqiqyuam Marine Protected Area","MPA",38.4626282613625,12,0.500308994800024,"adcap","26"
"Hecate Strait and Queen Charlotte Sound Glass Sponge Reefs Marine Protected Areas","MPA",1382.83955824737,13,0.525933174073655,"adcap","26"
"Hecate Strait and Queen Charlotte Sound Glass Sponge Reefs Marine Protected Areas","MPA",497.58007058563,14,0.525933174073655,"adcap","26"
"Hecate Strait and Queen Charlotte Sound Glass Sponge Reefs Marine Protected Areas","MPA",312.579990901465,15,0.525933174073655,"adcap","26"
"Hecate Strait and Queen Charlotte Sound Glass Sponge Reefs Marine Protected Areas","MPA",759.018145132307,16,0.545745908928208,"adcap","26"
"Hecate Strait and Queen Charlotte Sound Glass Sponge Reefs Marine Protected Areas","MPA",524.087717590748,17,0.545745908928208,"adcap","26"
"Hecate Strait and Queen Charlotte Sound Glass Sponge Reefs Marine Protected Areas","MPA",268.057576475515,18,0.525933174073655,"adcap","26"
"Hecate Strait and Queen Charlotte Sound Glass Sponge Reefs Marine Protected Areas","MPA",168.112672765768,19,0.525933174073655,"adcap","26"
"SGaan Kinghlas-Bowie Seamount Marine Protected Area","MPA",6103.21478615233,20,0.561530709555142,"adcap","26"
"SGaan Kinghlas-Bowie Seamount Marine Protected Area","MPA",0.00988001299774647,21,0.545745908928208,"adcap","26"
"St. Anns Bank Marine Protected Area","MPA",719.759366547536,22,0.559609772708672,"adcap","26"
"St. Anns Bank Marine Protected Area","MPA",113.257336761373,23,0.559609772708672,"adcap","26"
"St. Anns Bank Marine Protected Area","MPA",221.438324525357,24,0.559609772708672,"adcap","26"
"St. Anns Bank Marine Protected Area","MPA",3309.4531859835,25,0.559609772708672,"adcap","26"
"Eastport – Duck Island Marine Protected Area","MPA",1.76796652117767,26,0.549761112790465,"adcap","26"
"Eastport – Round Island Marine Protected Area","MPA",0.330399418062407,27,0.549761112790465,"adcap","26"
"Banc-des-Américains Marine Protected Area","MPA",126.53840321397,28,0.555471458632591,"adcap","26"
"Banc-des-Américains Marine Protected Area","MPA",570.597630978546,29,0.555471458632591,"adcap","26"
"Banc-des-Américains Marine Protected Area","MPA",302.950219892752,30,0.555471458632591,"adcap","26"
"Laurentian Channel Marine Protected Area","MPA",1494.88434608104,31,0.559609772708672,"adcap","26"
"Laurentian Channel Marine Protected Area","MPA",611.470693282166,32,0.559609772708672,"adcap","26"
"Laurentian Channel Marine Protected Area","MPA",4035.24330217855,33,0.559609772708672,"adcap","26"
"Laurentian Channel Marine Protected Area","MPA",5411.22714778716,34,0.559609772708672,"adcap","26"
"Laurentian Channel Marine Protected Area","MPA",23.6506868079857,35,0.58775187099419,"adcap","26"
"Tuvaijuittuq Marine Protected Area","MPA",6396.64763628534,36,0.534347762307762,"adcap","26"
"Tuvaijuittuq Marine Protected Area","MPA",1596.71671950092,37,0.534083366759481,"adcap","26"
"Tuvaijuittuq Marine Protected Area","MPA",39271.0805577963,38,0.504640114688369,"adcap","26"
"Tuvaijuittuq Marine Protected Area","MPA",39196.7377997999,39,0.515107066552744,"adcap","26"
"Tuvaijuittuq Marine Protected Area","MPA",33880.7030747798,40,0.510265027985314,"adcap","26"
"Tuvaijuittuq Marine Protected Area","MPA",28508.3893622142,41,0.498061055536124,"adcap","26"
"Tuvaijuittuq Marine Protected Area","MPA",25246.7741177672,42,0.516466104944235,"adcap","26"
"Tuvaijuittuq Marine Protected Area","MPA",20670.3047652441,43,0.516627147090427,"adcap","26"
"Tuvaijuittuq Marine Protected Area","MPA",14407.5270138215,44,0.52905505178455,"adcap","26"
"Tuvaijuittuq Marine Protected Area","MPA",11899.6671183428,45,0.526033807046261,"adcap","26"
"Tuvaijuittuq Marine Protected Area","MPA",14071.4582677393,46,0.522856988468321,"adcap","26"
"Tuvaijuittuq Marine Protected Area","MPA",18195.1654833467,47,0.527225924105925,"adcap","26"
"Tuvaijuittuq Marine Protected Area","MPA",9551.55374753121,48,0.523449400758422,"adcap","26"
"Tuvaijuittuq Marine Protected Area","MPA",10481.8323062975,49,0.486824210618545,"adcap","26"
"Tuvaijuittuq Marine Protected Area","MPA",1529.41708869447,50,0.49488341495356,"adcap","26"
"Tuvaijuittuq Marine Protected Area","MPA",666.98617405529,51,0.513509429740211,"adcap","26"
"Trout River Lobster closure","OECM",0.649755963521018,52,0.559609772708672,"adcap","26"
"Gander Bay Lobster closure","OECM",76.3601407971297,53,0.549761112790465,"adcap","26"
"Mouse Island Lobster closure","OECM",0.377706815097234,54,0.559609772708672,"adcap","26"
"Glovers Harbour Lobster closure","OECM",0.86243353487441,55,0.559609772708672,"adcap","26"
"Gooseberry Island Lobster closure","OECM",0.0282769535375801,56,0.549761112790465,"adcap","26"
"Shoal Point Lobster closure","OECM",0.647165787501812,57,0.559609772708672,"adcap","26"
"Penguin Islands Lobster closure","OECM",15.5253869203192,58,0.559609772708672,"adcap","26"
"Jordan Basin Conservation Area","OECM",48.8261843408462,59,0.573488119489107,"adcap","26"
"Northeast Channel Coral Conservation Area, Restricted Bottom Fisheries Zone","OECM",390.864155401027,60,0.573488119489107,"adcap","26"
"Corsair and Georges Canyons Conservation Area, Restricted Bottom Fisheries Zone","OECM",7132.20907784282,61,0.573488119489107,"adcap","26"
"Corsair and Georges Canyons Conservation Area, Restricted Bottom Fisheries Zone","OECM",1650.45083159349,62,0.581216765570583,"adcap","26"
"Emerald Basin Sponge Conservation Area","OECM",197.063240713519,63,0.581216765570583,"adcap","26"
"Sambro Bank Sponge Conservation Area","OECM",62.5376059064569,64,0.581216765570583,"adcap","26"
"Lophelia Coral Conservation Area","OECM",14.7238643881459,65,0.58775187099419,"adcap","26"
"Magdalen Islands Lagoons closures","OECM",135.554809777785,66,0.555471458632591,"adcap","26"
"Fisheries closure in the Les Demoiselles nursery, Plaisance Bay, Magdalen Islands","OECM",0.332196795611524,67,0.555471458632591,"adcap","26"
"Miramichi Bay closure","OECM",1186.12358702881,68,0.555471458632591,"adcap","26"
"Parent Bank Sponge Conservation Area","OECM",185.163176365994,69,0.555471458632591,"adcap","26"
"Jacques-Cartier Strait Sponge Conservation Area","OECM",144.075548426126,70,0.555471458632591,"adcap","26"
"Eastern Honguedo Strait Coral and Sponge Conservation Area","OECM",2336.49506928251,71,0.555471458632591,"adcap","26"
"South-East of Anticosti Island Sponge Conservation Area","OECM",845.302428176413,72,0.555471458632591,"adcap","26"
"Beaugé Bank Sponge Conservation Area","OECM",214.551130900237,73,0.555471458632591,"adcap","26"
"East of Anticosti Island Sponge Conservation Area","OECM",939.638243828852,74,0.555471458632591,"adcap","26"
"North of Bennett Bank Coral Conservation Area","OECM",821.098592384708,75,0.555471458632591,"adcap","26"
"Western Honguedo Strait Coral Conservation Area","OECM",495.71350814545,76,0.555471458632591,"adcap","26"
"Central Gulf of St. Lawrence Coral Conservation Area","OECM",1283.99034790846,77,0.555471458632591,"adcap","26"
"Slope of Magdalen Shallows Coral Conservation Area","OECM",334.816084632488,78,0.555471458632591,"adcap","26"
"Eastern Gulf of St. Lawrence Coral Conservation Area","OECM",422.594210350948,79,0.555471458632591,"adcap","26"
"Western/Emerald Banks Conservation Area (restricted fisheries zone)","OECM",10231.8035501467,80,0.581216765570583,"adcap","26"
"Offshore Pacific Seamounts and Vents Closure","OECM",12905.6093317442,81,0.545745908928208,"adcap","26"
"Offshore Pacific Seamounts and Vents Closure","OECM",1013.80217823335,82,0.525933174073655,"adcap","26"
"Offshore Pacific Seamounts and Vents Closure","OECM",35885.7615409573,83,0.558768757489329,"adcap","26"
"Offshore Pacific Seamounts and Vents Closure","OECM",32716.9712920688,84,0.545614393777802,"adcap","26"
"Disko Fan Conservation Area (portion closed to all bottom-contact fishing)","OECM",2357.33154074088,85,0.500907764793436,"adcap","26"
"Disko Fan Conservation Area (portion closed to all bottom-contact fishing)","OECM",5128.04994384089,86,0.527284721756295,"adcap","26"
"Davis Strait Conservation Area","OECM",12006.0302124671,87,0.527284721756295,"adcap","26"
"Davis Strait Conservation Area","OECM",5264.6363960972,88,0.540451190436311,"adcap","26"
"Funk Island Deep Closure","OECM",5051.72431337508,89,0.549463157566605,"adcap","26"
"Funk Island Deep Closure","OECM",2222.72949355844,90,0.549761112790465,"adcap","26"
"Hatton Basin Conservation Area","OECM",34133.8116656886,91,0.53257099967847,"adcap","26"
"Hatton Basin Conservation Area","OECM",7367.520897676,92,0.540451190436311,"adcap","26"
"Hawke Channel  Closure","OECM",8836.82100569973,93,0.549463157566605,"adcap","26"
"Hopedale Saddle Closure","OECM",15382.9515248044,94,0.545736011108241,"adcap","26"
"Division 3O Coral closure","OECM",10435.9933198539,95,0.578750363979988,"adcap","26"
"Bay of Islands Salmon Migration closure","OECM",217.452230772619,96,0.559609772708672,"adcap","26"
"Northeast Newfoundland Slope Closure","OECM",7360.37251318137,97,0.549463157566605,"adcap","26"
"Northeast Newfoundland Slope Closure","OECM",24043.1876090989,98,0.55885356487512,"adcap","26"
"Northeast Newfoundland Slope Closure","OECM",1101.58763078677,99,0.549761112790465,"adcap","26"
"Northeast Newfoundland Slope Closure","OECM",22851.849059068,100,0.555411291200077,"adcap","26"
"Scallop Buffer Zone SFA 21","OECM",333.100083668941,101,0.555471458632591,"adcap","26"
"Scallop Buffer Zone SFA 22","OECM",2801.55317160921,102,0.555471458632591,"adcap","26"
"Scallop Buffer Zone SFA 24","OECM",2322.12636155891,103,0.555471458632591,"adcap","26"
"Eastern Canyons Marine Refuge","OECM",43976.2714732577,104,0.58775187099419,"adcap","26"
"Basin Head Marine Protected Area","MPA",8.64262114660599,1,0.0692906698731895,"vulnsd","26"
"Basin Head Marine Protected Area","MPA",0.241572620315136,2,0.0692906698731895,"vulnsd","26"
"Basin Head Marine Protected Area","MPA",0.354147479632206,3,0.0692906698731895,"vulnsd","26"
"Endeavour Hydrothermal Vents Marine Protected Area","MPA",97.0671872802995,4,0.0611914118355849,"vulnsd","26"
"Gully Marine Protected Area","MPA",475.404085614462,5,0.0576700668840372,"vulnsd","26"
"Gully Marine Protected Area","MPA",1430.94881901792,6,0.0576700668840372,"vulnsd","26"
"Gully Marine Protected Area","MPA",181.918860366909,7,0.0576700668840372,"vulnsd","26"
"Gully Marine Protected Area","MPA",275.100723159617,8,0.0576700668840372,"vulnsd","26"
"Anguniaqvia niqiqyuam Marine Protected Area","MPA",218.587938396342,9,0.0500138370025556,"vulnsd","26"
"Anguniaqvia niqiqyuam Marine Protected Area","MPA",1149.80561921206,10,0.0562749792406299,"vulnsd","26"
"Anguniaqvia niqiqyuam Marine Protected Area","MPA",949.356909522504,11,0.0594379720542723,"vulnsd","26"
"Anguniaqvia niqiqyuam Marine Protected Area","MPA",38.4626282613625,12,0.0562749792406299,"vulnsd","26"
"Hecate Strait and Queen Charlotte Sound Glass Sponge Reefs Marine Protected Areas","MPA",1382.83955824737,13,0.0853497315857505,"vulnsd","26"
"Hecate Strait and Queen Charlotte Sound Glass Sponge Reefs Marine Protected Areas","MPA",497.58007058563,14,0.0853497315857505,"vulnsd","26"
"Hecate Strait and Queen Charlotte Sound Glass Sponge Reefs Marine Protected Areas","MPA",312.579990901465,15,0.0853497315857505,"vulnsd","26"
"Hecate Strait and Queen Charlotte Sound Glass Sponge Reefs Marine Protected Areas","MPA",759.018145132307,16,0.0604870425211224,"vulnsd","26"
"Hecate Strait and Queen Charlotte Sound Glass Sponge Reefs Marine Protected Areas","MPA",524.087717590748,17,0.0604870425211224,"vulnsd","26"
"Hecate Strait and Queen Charlotte Sound Glass Sponge Reefs Marine Protected Areas","MPA",268.057576475515,18,0.0853497315857505,"vulnsd","26"
"Hecate Strait and Queen Charlotte Sound Glass Sponge Reefs Marine Protected Areas","MPA",168.112672765768,19,0.0853497315857505,"vulnsd","26"
"SGaan Kinghlas-Bowie Seamount Marine Protected Area","MPA",6103.21478615233,20,0.0417331321450868,"vulnsd","26"
"SGaan Kinghlas-Bowie Seamount Marine Protected Area","MPA",0.00988001299774647,21,0.0604870425211224,"vulnsd","26"
"St. Anns Bank Marine Protected Area","MPA",719.759366547536,22,0.0665835237079366,"vulnsd","26"
"St. Anns Bank Marine Protected Area","MPA",113.257336761373,23,0.0665835237079366,"vulnsd","26"
"St. Anns Bank Marine Protected Area","MPA",221.438324525357,24,0.0665835237079366,"vulnsd","26"
"St. Anns Bank Marine Protected Area","MPA",3309.4531859835,25,0.0665835237079366,"vulnsd","26"
"Eastport – Duck Island Marine Protected Area","MPA",1.76796652117767,26,0.0612947904418715,"vulnsd","26"
"Eastport – Round Island Marine Protected Area","MPA",0.330399418062407,27,0.0612947904418715,"vulnsd","26"
"Banc-des-Américains Marine Protected Area","MPA",126.53840321397,28,0.0692906698731895,"vulnsd","26"
"Banc-des-Américains Marine Protected Area","MPA",570.597630978546,29,0.0692906698731895,"vulnsd","26"
"Banc-des-Américains Marine Protected Area","MPA",302.950219892752,30,0.0692906698731895,"vulnsd","26"
"Laurentian Channel Marine Protected Area","MPA",1494.88434608104,31,0.0665835237079366,"vulnsd","26"
"Laurentian Channel Marine Protected Area","MPA",611.470693282166,32,0.0665835237079366,"vulnsd","26"
"Laurentian Channel Marine Protected Area","MPA",4035.24330217855,33,0.0665835237079366,"vulnsd","26"
"Laurentian Channel Marine Protected Area","MPA",5411.22714778716,34,0.0665835237079366,"vulnsd","26"
"Laurentian Channel Marine Protected Area","MPA",23.6506868079857,35,0.0576700668840372,"vulnsd","26"
"Tuvaijuittuq Marine Protected Area","MPA",6396.64763628534,36,0.00246717836478503,"vulnsd","26"
"Tuvaijuittuq Marine Protected Area","MPA",1596.71671950092,37,0.0127881082406231,"vulnsd","26"
"Tuvaijuittuq Marine Protected Area","MPA",39271.0805577963,38,0.0265867850196786,"vulnsd","26"
"Tuvaijuittuq Marine Protected Area","MPA",39196.7377997999,39,0.0292453891260858,"vulnsd","26"
"Tuvaijuittuq Marine Protected Area","MPA",33880.7030747798,40,0.0330838415621451,"vulnsd","26"
"Tuvaijuittuq Marine Protected Area","MPA",28508.3893622142,41,0.0386067751915897,"vulnsd","26"
"Tuvaijuittuq Marine Protected Area","MPA",25246.7741177672,42,0.0375256128776335,"vulnsd","26"
"Tuvaijuittuq Marine Protected Area","MPA",20670.3047652441,43,0.037555637904447,"vulnsd","26"
"Tuvaijuittuq Marine Protected Area","MPA",14407.5270138215,44,0.0342287428421031,"vulnsd","26"
"Tuvaijuittuq Marine Protected Area","MPA",11899.6671183428,45,0.0337383128693285,"vulnsd","26"
"Tuvaijuittuq Marine Protected Area","MPA",14071.4582677393,46,0.0308547549597858,"vulnsd","26"
"Tuvaijuittuq Marine Protected Area","MPA",18195.1654833467,47,0.0351024722273573,"vulnsd","26"
"Tuvaijuittuq Marine Protected Area","MPA",9551.55374753121,48,0.0369786230282248,"vulnsd","26"
"Tuvaijuittuq Marine Protected Area","MPA",10481.8323062975,49,0.0379156027734454,"vulnsd","26"
"Tuvaijuittuq Marine Protected Area","MPA",1529.41708869447,50,0.0429984577229194,"vulnsd","26"
"Tuvaijuittuq Marine Protected Area","MPA",666.98617405529,51,0.0571233760761755,"vulnsd","26"
"Trout River Lobster closure","OECM",0.649755963521018,52,0.0665835237079366,"vulnsd","26"
"Gander Bay Lobster closure","OECM",76.3601407971297,53,0.0612947904418715,"vulnsd","26"
"Mouse Island Lobster closure","OECM",0.377706815097234,54,0.0665835237079366,"vulnsd","26"
"Glovers Harbour Lobster closure","OECM",0.86243353487441,55,0.0665835237079366,"vulnsd","26"
"Gooseberry Island Lobster closure","OECM",0.0282769535375801,56,0.0612947904418715,"vulnsd","26"
"Shoal Point Lobster closure","OECM",0.647165787501812,57,0.0665835237079366,"vulnsd","26"
"Penguin Islands Lobster closure","OECM",15.5253869203192,58,0.0665835237079366,"vulnsd","26"
"Jordan Basin Conservation Area","OECM",48.8261843408462,59,0.0716479237960494,"vulnsd","26"
"Northeast Channel Coral Conservation Area, Restricted Bottom Fisheries Zone","OECM",390.864155401027,60,0.0716479237960494,"vulnsd","26"
"Corsair and Georges Canyons Conservation Area, Restricted Bottom Fisheries Zone","OECM",7132.20907784282,61,0.0716479237960494,"vulnsd","26"
"Corsair and Georges Canyons Conservation Area, Restricted Bottom Fisheries Zone","OECM",1650.45083159349,62,0.0623907226785116,"vulnsd","26"
"Emerald Basin Sponge Conservation Area","OECM",197.063240713519,63,0.0623907226785116,"vulnsd","26"
"Sambro Bank Sponge Conservation Area","OECM",62.5376059064569,64,0.0623907226785116,"vulnsd","26"
"Lophelia Coral Conservation Area","OECM",14.7238643881459,65,0.0576700668840372,"vulnsd","26"
"Magdalen Islands Lagoons closures","OECM",135.554809777785,66,0.0692906698731895,"vulnsd","26"
"Fisheries closure in the Les Demoiselles nursery, Plaisance Bay, Magdalen Islands","OECM",0.332196795611524,67,0.0692906698731895,"vulnsd","26"
"Miramichi Bay closure","OECM",1186.12358702881,68,0.0692906698731895,"vulnsd","26"
"Parent Bank Sponge Conservation Area","OECM",185.163176365994,69,0.0692906698731895,"vulnsd","26"
"Jacques-Cartier Strait Sponge Conservation Area","OECM",144.075548426126,70,0.0692906698731895,"vulnsd","26"
"Eastern Honguedo Strait Coral and Sponge Conservation Area","OECM",2336.49506928251,71,0.0692906698731895,"vulnsd","26"
"South-East of Anticosti Island Sponge Conservation Area","OECM",845.302428176413,72,0.0692906698731895,"vulnsd","26"
"Beaugé Bank Sponge Conservation Area","OECM",214.551130900237,73,0.0692906698731895,"vulnsd","26"
"East of Anticosti Island Sponge Conservation Area","OECM",939.638243828852,74,0.0692906698731895,"vulnsd","26"
"North of Bennett Bank Coral Conservation Area","OECM",821.098592384708,75,0.0692906698731895,"vulnsd","26"
"Western Honguedo Strait Coral Conservation Area","OECM",495.71350814545,76,0.0692906698731895,"vulnsd","26"
"Central Gulf of St. Lawrence Coral Conservation Area","OECM",1283.99034790846,77,0.0692906698731895,"vulnsd","26"
"Slope of Magdalen Shallows Coral Conservation Area","OECM",334.816084632488,78,0.0692906698731895,"vulnsd","26"
"Eastern Gulf of St. Lawrence Coral Conservation Area","OECM",422.594210350948,79,0.0692906698731895,"vulnsd","26"
"Western/Emerald Banks Conservation Area (restricted fisheries zone)","OECM",10231.8035501467,80,0.0623907226785116,"vulnsd","26"
"Offshore Pacific Seamounts and Vents Closure","OECM",12905.6093317442,81,0.0604870425211224,"vulnsd","26"
"Offshore Pacific Seamounts and Vents Closure","OECM",1013.80217823335,82,0.0853497315857505,"vulnsd","26"
"Offshore Pacific Seamounts and Vents Closure","OECM",35885.7615409573,83,0.049646316329941,"vulnsd","26"
"Offshore Pacific Seamounts and Vents Closure","OECM",32716.9712920688,84,0.0611914118355849,"vulnsd","26"
"Disko Fan Conservation Area (portion closed to all bottom-contact fishing)","OECM",2357.33154074088,85,0.0402614457287077,"vulnsd","26"
"Disko Fan Conservation Area (portion closed to all bottom-contact fishing)","OECM",5128.04994384089,86,0.0458930354422878,"vulnsd","26"
"Davis Strait Conservation Area","OECM",12006.0302124671,87,0.0458930354422878,"vulnsd","26"
"Davis Strait Conservation Area","OECM",5264.6363960972,88,0.0457968253075524,"vulnsd","26"
"Funk Island Deep Closure","OECM",5051.72431337508,89,0.0550779560246717,"vulnsd","26"
"Funk Island Deep Closure","OECM",2222.72949355844,90,0.0612947904418715,"vulnsd","26"
"Hatton Basin Conservation Area","OECM",34133.8116656886,91,0.0510643978922055,"vulnsd","26"
"Hatton Basin Conservation Area","OECM",7367.520897676,92,0.0457968253075524,"vulnsd","26"
"Hawke Channel  Closure","OECM",8836.82100569973,93,0.0550779560246717,"vulnsd","26"
"Hopedale Saddle Closure","OECM",15382.9515248044,94,0.0495891462099624,"vulnsd","26"
"Division 3O Coral closure","OECM",10435.9933198539,95,0.0652136155966469,"vulnsd","26"
"Bay of Islands Salmon Migration closure","OECM",217.452230772619,96,0.0665835237079366,"vulnsd","26"
"Northeast Newfoundland Slope Closure","OECM",7360.37251318137,97,0.0550779560246717,"vulnsd","26"
"Northeast Newfoundland Slope Closure","OECM",24043.1876090989,98,0.0480418616940994,"vulnsd","26"
"Northeast Newfoundland Slope Closure","OECM",1101.58763078677,99,0.0612947904418715,"vulnsd","26"
"Northeast Newfoundland Slope Closure","OECM",22851.849059068,100,0.0572586208853624,"vulnsd","26"
"Scallop Buffer Zone SFA 21","OECM",333.100083668941,101,0.0692906698731895,"vulnsd","26"
"Scallop Buffer Zone SFA 22","OECM",2801.55317160921,102,0.0692906698731895,"vulnsd","26"
"Scallop Buffer Zone SFA 24","OECM",2322.12636155891,103,0.0692906698731895,"vulnsd","26"
"Eastern Canyons Marine Refuge","OECM",43976.2714732577,104,0.0576700668840372,"vulnsd","26"
"Basin Head Marine Protected Area","MPA",8.64262114660599,1,0.411683292043687,"vuln","85"
"Basin Head Marine Protected Area","MPA",0.241572620315136,2,0.411683292043687,"vuln","85"
"Basin Head Marine Protected Area","MPA",0.354147479632206,3,0.411683292043687,"vuln","85"
"Endeavour Hydrothermal Vents Marine Protected Area","MPA",97.0671872802995,4,0.334879642261938,"vuln","85"
"Gully Marine Protected Area","MPA",475.404085614462,5,0.312219844966006,"vuln","85"
"Gully Marine Protected Area","MPA",1430.94881901792,6,0.312219844966006,"vuln","85"
"Gully Marine Protected Area","MPA",181.918860366909,7,0.312219844966006,"vuln","85"
"Gully Marine Protected Area","MPA",275.100723159617,8,0.312219844966006,"vuln","85"
"Anguniaqvia niqiqyuam Marine Protected Area","MPA",218.587938396342,9,0.411487107041378,"vuln","85"
"Anguniaqvia niqiqyuam Marine Protected Area","MPA",1149.80561921206,10,0.414436557411298,"vuln","85"
"Anguniaqvia niqiqyuam Marine Protected Area","MPA",949.356909522504,11,0.399792628120378,"vuln","85"
"Anguniaqvia niqiqyuam Marine Protected Area","MPA",38.4626282613625,12,0.414436557411298,"vuln","85"
"Hecate Strait and Queen Charlotte Sound Glass Sponge Reefs Marine Protected Areas","MPA",1382.83955824737,13,0.417239273323892,"vuln","85"
"Hecate Strait and Queen Charlotte Sound Glass Sponge Reefs Marine Protected Areas","MPA",497.58007058563,14,0.417239273323892,"vuln","85"
"Hecate Strait and Queen Charlotte Sound Glass Sponge Reefs Marine Protected Areas","MPA",312.579990901465,15,0.417239273323892,"vuln","85"
"Hecate Strait and Queen Charlotte Sound Glass Sponge Reefs Marine Protected Areas","MPA",759.018145132307,16,0.344719461444468,"vuln","85"
"Hecate Strait and Queen Charlotte Sound Glass Sponge Reefs Marine Protected Areas","MPA",524.087717590748,17,0.344719461444468,"vuln","85"
"Hecate Strait and Queen Charlotte Sound Glass Sponge Reefs Marine Protected Areas","MPA",268.057576475515,18,0.417239273323892,"vuln","85"
"Hecate Strait and Queen Charlotte Sound Glass Sponge Reefs Marine Protected Areas","MPA",168.112672765768,19,0.417239273323892,"vuln","85"
"SGaan Kinghlas-Bowie Seamount Marine Protected Area","MPA",6103.21478615233,20,0.298325583880442,"vuln","85"
"SGaan Kinghlas-Bowie Seamount Marine Protected Area","MPA",0.00988001299774647,21,0.344719461444468,"vuln","85"
"St. Anns Bank Marine Protected Area","MPA",719.759366547536,22,0.394532960415112,"vuln","85"
"St. Anns Bank Marine Protected Area","MPA",113.257336761373,23,0.394532960415112,"vuln","85"
"St. Anns Bank Marine Protected Area","MPA",221.438324525357,24,0.394532960415112,"vuln","85"
"St. Anns Bank Marine Protected Area","MPA",3309.4531859835,25,0.394532960415112,"vuln","85"
"Eastport – Duck Island Marine Protected Area","MPA",1.76796652117767,26,0.38015244201834,"vuln","85"
"Eastport – Round Island Marine Protected Area","MPA",0.330399418062407,27,0.38015244201834,"vuln","85"
"Banc-des-Américains Marine Protected Area","MPA",126.53840321397,28,0.411683292043687,"vuln","85"
"Banc-des-Américains Marine Protected Area","MPA",570.597630978546,29,0.411683292043687,"vuln","85"
"Banc-des-Américains Marine Protected Area","MPA",302.950219892752,30,0.411683292043687,"vuln","85"
"Laurentian Channel Marine Protected Area","MPA",1494.88434608104,31,0.394532960415112,"vuln","85"
"Laurentian Channel Marine Protected Area","MPA",611.470693282166,32,0.394532960415112,"vuln","85"
"Laurentian Channel Marine Protected Area","MPA",4035.24330217855,33,0.394532960415112,"vuln","85"
"Laurentian Channel Marine Protected Area","MPA",5411.22714778716,34,0.394532960415112,"vuln","85"
"Laurentian Channel Marine Protected Area","MPA",23.6506868079857,35,0.312219844966006,"vuln","85"
"Tuvaijuittuq Marine Protected Area","MPA",6396.64763628534,36,0.346865763926955,"vuln","85"
"Tuvaijuittuq Marine Protected Area","MPA",1596.71671950092,37,0.349936269770274,"vuln","85"
"Tuvaijuittuq Marine Protected Area","MPA",39271.0805577963,38,0.381664762595258,"vuln","85"
"Tuvaijuittuq Marine Protected Area","MPA",39196.7377997999,39,0.371342316494995,"vuln","85"
"Tuvaijuittuq Marine Protected Area","MPA",33880.7030747798,40,0.367903693098665,"vuln","85"
"Tuvaijuittuq Marine Protected Area","MPA",28508.3893622142,41,0.371919809391568,"vuln","85"
"Tuvaijuittuq Marine Protected Area","MPA",25246.7741177672,42,0.366255611387055,"vuln","85"
"Tuvaijuittuq Marine Protected Area","MPA",20670.3047652441,43,0.371149311957827,"vuln","85"
"Tuvaijuittuq Marine Protected Area","MPA",14407.5270138215,44,0.364162245745428,"vuln","85"
"Tuvaijuittuq Marine Protected Area","MPA",11899.6671183428,45,0.355320465458916,"vuln","85"
"Tuvaijuittuq Marine Protected Area","MPA",14071.4582677393,46,0.35945591515724,"vuln","85"
"Tuvaijuittuq Marine Protected Area","MPA",18195.1654833467,47,0.367400087615974,"vuln","85"
"Tuvaijuittuq Marine Protected Area","MPA",9551.55374753121,48,0.369643501374886,"vuln","85"
"Tuvaijuittuq Marine Protected Area","MPA",10481.8323062975,49,0.383784900365846,"vuln","85"
"Tuvaijuittuq Marine Protected Area","MPA",1529.41708869447,50,0.384897849621431,"vuln","85"
"Tuvaijuittuq Marine Protected Area","MPA",666.98617405529,51,0.386781276179447,"vuln","85"
"Trout River Lobster closure","OECM",0.649755963521018,52,0.394532960415112,"vuln","85"
"Gander Bay Lobster closure","OECM",76.3601407971297,53,0.38015244201834,"vuln","85"
"Mouse Island Lobster closure","OECM",0.377706815097234,54,0.394532960415112,"vuln","85"
"Glovers Harbour Lobster closure","OECM",0.86243353487441,55,0.394532960415112,"vuln","85"
"Gooseberry Island Lobster closure","OECM",0.0282769535375801,56,0.38015244201834,"vuln","85"
"Shoal Point Lobster closure","OECM",0.647165787501812,57,0.394532960415112,"vuln","85"
"Penguin Islands Lobster closure","OECM",15.5253869203192,58,0.394532960415112,"vuln","85"
"Jordan Basin Conservation Area","OECM",48.8261843408462,59,0.374774618323401,"vuln","85"
"Northeast Channel Coral Conservation Area, Restricted Bottom Fisheries Zone","OECM",390.864155401027,60,0.374774618323401,"vuln","85"
"Corsair and Georges Canyons Conservation Area, Restricted Bottom Fisheries Zone","OECM",7132.20907784282,61,0.374774618323401,"vuln","85"
"Corsair and Georges Canyons Conservation Area, Restricted Bottom Fisheries Zone","OECM",1650.45083159349,62,0.344724699479418,"vuln","85"
"Emerald Basin Sponge Conservation Area","OECM",197.063240713519,63,0.344724699479418,"vuln","85"
"Sambro Bank Sponge Conservation Area","OECM",62.5376059064569,64,0.344724699479418,"vuln","85"
"Lophelia Coral Conservation Area","OECM",14.7238643881459,65,0.312219844966006,"vuln","85"
"Magdalen Islands Lagoons closures","OECM",135.554809777785,66,0.411683292043687,"vuln","85"
"Fisheries closure in the Les Demoiselles nursery, Plaisance Bay, Magdalen Islands","OECM",0.332196795611524,67,0.411683292043687,"vuln","85"
"Miramichi Bay closure","OECM",1186.12358702881,68,0.411683292043687,"vuln","85"
"Parent Bank Sponge Conservation Area","OECM",185.163176365994,69,0.411683292043687,"vuln","85"
"Jacques-Cartier Strait Sponge Conservation Area","OECM",144.075548426126,70,0.411683292043687,"vuln","85"
"Eastern Honguedo Strait Coral and Sponge Conservation Area","OECM",2336.49506928251,71,0.411683292043687,"vuln","85"
"South-East of Anticosti Island Sponge Conservation Area","OECM",845.302428176413,72,0.411683292043687,"vuln","85"
"Beaugé Bank Sponge Conservation Area","OECM",214.551130900237,73,0.411683292043687,"vuln","85"
"East of Anticosti Island Sponge Conservation Area","OECM",939.638243828852,74,0.411683292043687,"vuln","85"
"North of Bennett Bank Coral Conservation Area","OECM",821.098592384708,75,0.411683292043687,"vuln","85"
"Western Honguedo Strait Coral Conservation Area","OECM",495.71350814545,76,0.411683292043687,"vuln","85"
"Central Gulf of St. Lawrence Coral Conservation Area","OECM",1283.99034790846,77,0.411683292043687,"vuln","85"
"Slope of Magdalen Shallows Coral Conservation Area","OECM",334.816084632488,78,0.411683292043687,"vuln","85"
"Eastern Gulf of St. Lawrence Coral Conservation Area","OECM",422.594210350948,79,0.411683292043687,"vuln","85"
"Western/Emerald Banks Conservation Area (restricted fisheries zone)","OECM",10231.8035501467,80,0.344724699479418,"vuln","85"
"Offshore Pacific Seamounts and Vents Closure","OECM",12905.6093317442,81,0.344719461444468,"vuln","85"
"Offshore Pacific Seamounts and Vents Closure","OECM",1013.80217823335,82,0.417239273323892,"vuln","85"
"Offshore Pacific Seamounts and Vents Closure","OECM",35885.7615409573,83,0.300489505611837,"vuln","85"
"Offshore Pacific Seamounts and Vents Closure","OECM",32716.9712920688,84,0.334879642261938,"vuln","85"
"Disko Fan Conservation Area (portion closed to all bottom-contact fishing)","OECM",2357.33154074088,85,0.379303160545705,"vuln","85"
"Disko Fan Conservation Area (portion closed to all bottom-contact fishing)","OECM",5128.04994384089,86,0.363314759875268,"vuln","85"
"Davis Strait Conservation Area","OECM",12006.0302124671,87,0.363314759875268,"vuln","85"
"Davis Strait Conservation Area","OECM",5264.6363960972,88,0.325341691959938,"vuln","85"
"Funk Island Deep Closure","OECM",5051.72431337508,89,0.345803488195501,"vuln","85"
"Funk Island Deep Closure","OECM",2222.72949355844,90,0.38015244201834,"vuln","85"
"Hatton Basin Conservation Area","OECM",34133.8116656886,91,0.372361635574778,"vuln","85"
"Hatton Basin Conservation Area","OECM",7367.520897676,92,0.325341691959938,"vuln","85"
"Hawke Channel  Closure","OECM",8836.82100569973,93,0.345803488195501,"vuln","85"
"Hopedale Saddle Closure","OECM",15382.9515248044,94,0.336166108634751,"vuln","85"
"Division 3O Coral closure","OECM",10435.9933198539,95,0.351170283156885,"vuln","85"
"Bay of Islands Salmon Migration closure","OECM",217.452230772619,96,0.394532960415112,"vuln","85"
"Northeast Newfoundland Slope Closure","OECM",7360.37251318137,97,0.345803488195501,"vuln","85"
"Northeast Newfoundland Slope Closure","OECM",24043.1876090989,98,0.289734375008697,"vuln","85"
"Northeast Newfoundland Slope Closure","OECM",1101.58763078677,99,0.38015244201834,"vuln","85"
"Northeast Newfoundland Slope Closure","OECM",22851.849059068,100,0.353841732286017,"vuln","85"
"Scallop Buffer Zone SFA 21","OECM",333.100083668941,101,0.411683292043687,"vuln","85"
"Scallop Buffer Zone SFA 22","OECM",2801.55317160921,102,0.411683292043687,"vuln","85"
"Scallop Buffer Zone SFA 24","OECM",2322.12636155891,103,0.411683292043687,"vuln","85"
"Eastern Canyons Marine Refuge","OECM",43976.2714732577,104,0.312219844966006,"vuln","85"
"Basin Head Marine Protected Area","MPA",8.64262114660599,1,0.382417919138572,"sens","85"
"Basin Head Marine Protected Area","MPA",0.241572620315136,2,0.382417919138572,"sens","85"
"Basin Head Marine Protected Area","MPA",0.354147479632206,3,0.382417919138572,"sens","85"
"Endeavour Hydrothermal Vents Marine Protected Area","MPA",97.0671872802995,4,0.19264199176551,"sens","85"
"Gully Marine Protected Area","MPA",475.404085614462,5,0.285106238755472,"sens","85"
"Gully Marine Protected Area","MPA",1430.94881901792,6,0.285106238755472,"sens","85"
"Gully Marine Protected Area","MPA",181.918860366909,7,0.285106238755472,"sens","85"
"Gully Marine Protected Area","MPA",275.100723159617,8,0.285106238755472,"sens","85"
"Anguniaqvia niqiqyuam Marine Protected Area","MPA",218.587938396342,9,0.276483764492359,"sens","85"
"Anguniaqvia niqiqyuam Marine Protected Area","MPA",1149.80561921206,10,0.278447262623991,"sens","85"
"Anguniaqvia niqiqyuam Marine Protected Area","MPA",949.356909522504,11,0.321880502488515,"sens","85"
"Anguniaqvia niqiqyuam Marine Protected Area","MPA",38.4626282613625,12,0.278447262623991,"sens","85"
"Hecate Strait and Queen Charlotte Sound Glass Sponge Reefs Marine Protected Areas","MPA",1382.83955824737,13,0.293293247441745,"sens","85"
"Hecate Strait and Queen Charlotte Sound Glass Sponge Reefs Marine Protected Areas","MPA",497.58007058563,14,0.293293247441745,"sens","85"
"Hecate Strait and Queen Charlotte Sound Glass Sponge Reefs Marine Protected Areas","MPA",312.579990901465,15,0.293293247441745,"sens","85"
"Hecate Strait and Queen Charlotte Sound Glass Sponge Reefs Marine Protected Areas","MPA",759.018145132307,16,0.207105230945043,"sens","85"
"Hecate Strait and Queen Charlotte Sound Glass Sponge Reefs Marine Protected Areas","MPA",524.087717590748,17,0.207105230945043,"sens","85"
"Hecate Strait and Queen Charlotte Sound Glass Sponge Reefs Marine Protected Areas","MPA",268.057576475515,18,0.293293247441745,"sens","85"
"Hecate Strait and Queen Charlotte Sound Glass Sponge Reefs Marine Protected Areas","MPA",168.112672765768,19,0.293293247441745,"sens","85"
"SGaan Kinghlas-Bowie Seamount Marine Protected Area","MPA",6103.21478615233,20,0.141807951226896,"sens","85"
"SGaan Kinghlas-Bowie Seamount Marine Protected Area","MPA",0.00988001299774647,21,0.207105230945043,"sens","85"
"St. Anns Bank Marine Protected Area","MPA",719.759366547536,22,0.355884299175543,"sens","85"
"St. Anns Bank Marine Protected Area","MPA",113.257336761373,23,0.355884299175543,"sens","85"
"St. Anns Bank Marine Protected Area","MPA",221.438324525357,24,0.355884299175543,"sens","85"
"St. Anns Bank Marine Protected Area","MPA",3309.4531859835,25,0.355884299175543,"sens","85"
"Eastport – Duck Island Marine Protected Area","MPA",1.76796652117767,26,0.342249012412472,"sens","85"
"Eastport – Round Island Marine Protected Area","MPA",0.330399418062407,27,0.342249012412472,"sens","85"
"Banc-des-Américains Marine Protected Area","MPA",126.53840321397,28,0.382417919138572,"sens","85"
"Banc-des-Américains Marine Protected Area","MPA",570.597630978546,29,0.382417919138572,"sens","85"
"Banc-des-Américains Marine Protected Area","MPA",302.950219892752,30,0.382417919138572,"sens","85"
"Laurentian Channel Marine Protected Area","MPA",1494.88434608104,31,0.355884299175543,"sens","85"
"Laurentian Channel Marine Protected Area","MPA",611.470693282166,32,0.355884299175543,"sens","85"
"Laurentian Channel Marine Protected Area","MPA",4035.24330217855,33,0.355884299175543,"sens","85"
"Laurentian Channel Marine Protected Area","MPA",5411.22714778716,34,0.355884299175543,"sens","85"
"Laurentian Channel Marine Protected Area","MPA",23.6506868079857,35,0.285106238755472,"sens","85"
"Tuvaijuittuq Marine Protected Area","MPA",6396.64763628534,36,0.131182210926728,"sens","85"
"Tuvaijuittuq Marine Protected Area","MPA",1596.71671950092,37,0.140641306971862,"sens","85"
"Tuvaijuittuq Marine Protected Area","MPA",39271.0805577963,38,0.148891491259232,"sens","85"
"Tuvaijuittuq Marine Protected Area","MPA",39196.7377997999,39,0.156179594475846,"sens","85"
"Tuvaijuittuq Marine Protected Area","MPA",33880.7030747798,40,0.171843044366873,"sens","85"
"Tuvaijuittuq Marine Protected Area","MPA",28508.3893622142,41,0.193008261432229,"sens","85"
"Tuvaijuittuq Marine Protected Area","MPA",25246.7741177672,42,0.214684937801913,"sens","85"
"Tuvaijuittuq Marine Protected Area","MPA",20670.3047652441,43,0.202958793914388,"sens","85"
"Tuvaijuittuq Marine Protected Area","MPA",14407.5270138215,44,0.179974659352393,"sens","85"
"Tuvaijuittuq Marine Protected Area","MPA",11899.6671183428,45,0.181869940212912,"sens","85"
"Tuvaijuittuq Marine Protected Area","MPA",14071.4582677393,46,0.184499712847382,"sens","85"
"Tuvaijuittuq Marine Protected Area","MPA",18195.1654833467,47,0.190882699309259,"sens","85"
"Tuvaijuittuq Marine Protected Area","MPA",9551.55374753121,48,0.176438966579168,"sens","85"
"Tuvaijuittuq Marine Protected Area","MPA",10481.8323062975,49,0.198782910963164,"sens","85"
"Tuvaijuittuq Marine Protected Area","MPA",1529.41708869447,50,0.243862811939939,"sens","85"
"Tuvaijuittuq Marine Protected Area","MPA",666.98617405529,51,0.317022824693943,"sens","85"
"Trout River Lobster closure","OECM",0.649755963521018,52,0.355884299175543,"sens","85"
"Gander Bay Lobster closure","OECM",76.3601407971297,53,0.342249012412472,"sens","85"
"Mouse Island Lobster closure","OECM",0.377706815097234,54,0.355884299175543,"sens","85"
"Glovers Harbour Lobster closure","OECM",0.86243353487441,55,0.355884299175543,"sens","85"
"Gooseberry Island Lobster closure","OECM",0.0282769535375801,56,0.342249012412472,"sens","85"
"Shoal Point Lobster closure","OECM",0.647165787501812,57,0.355884299175543,"sens","85"
"Penguin Islands Lobster closure","OECM",15.5253869203192,58,0.355884299175543,"sens","85"
"Jordan Basin Conservation Area","OECM",48.8261843408462,59,0.353232651029128,"sens","85"
"Northeast Channel Coral Conservation Area, Restricted Bottom Fisheries Zone","OECM",390.864155401027,60,0.353232651029128,"sens","85"
"Corsair and Georges Canyons Conservation Area, Restricted Bottom Fisheries Zone","OECM",7132.20907784282,61,0.353232651029128,"sens","85"
"Corsair and Georges Canyons Conservation Area, Restricted Bottom Fisheries Zone","OECM",1650.45083159349,62,0.320997615669557,"sens","85"
"Emerald Basin Sponge Conservation Area","OECM",197.063240713519,63,0.320997615669557,"sens","85"
"Sambro Bank Sponge Conservation Area","OECM",62.5376059064569,64,0.320997615669557,"sens","85"
"Lophelia Coral Conservation Area","OECM",14.7238643881459,65,0.285106238755472,"sens","85"
"Magdalen Islands Lagoons closures","OECM",135.554809777785,66,0.382417919138572,"sens","85"
"Fisheries closure in the Les Demoiselles nursery, Plaisance Bay, Magdalen Islands","OECM",0.332196795611524,67,0.382417919138572,"sens","85"
"Miramichi Bay closure","OECM",1186.12358702881,68,0.382417919138572,"sens","85"
"Parent Bank Sponge Conservation Area","OECM",185.163176365994,69,0.382417919138572,"sens","85"
"Jacques-Cartier Strait Sponge Conservation Area","OECM",144.075548426126,70,0.382417919138572,"sens","85"
"Eastern Honguedo Strait Coral and Sponge Conservation Area","OECM",2336.49506928251,71,0.382417919138572,"sens","85"
"South-East of Anticosti Island Sponge Conservation Area","OECM",845.302428176413,72,0.382417919138572,"sens","85"
"Beaugé Bank Sponge Conservation Area","OECM",214.551130900237,73,0.382417919138572,"sens","85"
"East of Anticosti Island Sponge Conservation Area","OECM",939.638243828852,74,0.382417919138572,"sens","85"
"North of Bennett Bank Coral Conservation Area","OECM",821.098592384708,75,0.382417919138572,"sens","85"
"Western Honguedo Strait Coral Conservation Area","OECM",495.71350814545,76,0.382417919138572,"sens","85"
"Central Gulf of St. Lawrence Coral Conservation Area","OECM",1283.99034790846,77,0.382417919138572,"sens","85"
"Slope of Magdalen Shallows Coral Conservation Area","OECM",334.816084632488,78,0.382417919138572,"sens","85"
"Eastern Gulf of St. Lawrence Coral Conservation Area","OECM",422.594210350948,79,0.382417919138572,"sens","85"
"Western/Emerald Banks Conservation Area (restricted fisheries zone)","OECM",10231.8035501467,80,0.320997615669557,"sens","85"
"Offshore Pacific Seamounts and Vents Closure","OECM",12905.6093317442,81,0.207105230945043,"sens","85"
"Offshore Pacific Seamounts and Vents Closure","OECM",1013.80217823335,82,0.293293247441745,"sens","85"
"Offshore Pacific Seamounts and Vents Closure","OECM",35885.7615409573,83,0.149788245504347,"sens","85"
"Offshore Pacific Seamounts and Vents Closure","OECM",32716.9712920688,84,0.19264199176551,"sens","85"
"Disko Fan Conservation Area (portion closed to all bottom-contact fishing)","OECM",2357.33154074088,85,0.228478646848542,"sens","85"
"Disko Fan Conservation Area (portion closed to all bottom-contact fishing)","OECM",5128.04994384089,86,0.212226503221429,"sens","85"
"Davis Strait Conservation Area","OECM",12006.0302124671,87,0.212226503221429,"sens","85"
"Davis Strait Conservation Area","OECM",5264.6363960972,88,0.207854830637544,"sens","85"
"Funk Island Deep Closure","OECM",5051.72431337508,89,0.250071011543019,"sens","85"
"Funk Island Deep Closure","OECM",2222.72949355844,90,0.342249012412472,"sens","85"
"Hatton Basin Conservation Area","OECM",34133.8116656886,91,0.245096501604966,"sens","85"
"Hatton Basin Conservation Area","OECM",7367.520897676,92,0.207854830637544,"sens","85"
"Hawke Channel  Closure","OECM",8836.82100569973,93,0.250071011543019,"sens","85"
"Hopedale Saddle Closure","OECM",15382.9515248044,94,0.241091858312374,"sens","85"
"Division 3O Coral closure","OECM",10435.9933198539,95,0.322792753191946,"sens","85"
"Bay of Islands Salmon Migration closure","OECM",217.452230772619,96,0.355884299175543,"sens","85"
"Northeast Newfoundland Slope Closure","OECM",7360.37251318137,97,0.250071011543019,"sens","85"
"Northeast Newfoundland Slope Closure","OECM",24043.1876090989,98,0.218614796746517,"sens","85"
"Northeast Newfoundland Slope Closure","OECM",1101.58763078677,99,0.342249012412472,"sens","85"
"Northeast Newfoundland Slope Closure","OECM",22851.849059068,100,0.300311674200213,"sens","85"
"Scallop Buffer Zone SFA 21","OECM",333.100083668941,101,0.382417919138572,"sens","85"
"Scallop Buffer Zone SFA 22","OECM",2801.55317160921,102,0.382417919138572,"sens","85"
"Scallop Buffer Zone SFA 24","OECM",2322.12636155891,103,0.382417919138572,"sens","85"
"Eastern Canyons Marine Refuge","OECM",43976.2714732577,104,0.285106238755472,"sens","85"
"Basin Head Marine Protected Area","MPA",8.64262114660599,1,0.555471458632591,"adcap","85"
"Basin Head Marine Protected Area","MPA",0.241572620315136,2,0.555471458632591,"adcap","85"
"Basin Head Marine Protected Area","MPA",0.354147479632206,3,0.555471458632591,"adcap","85"
"Endeavour Hydrothermal Vents Marine Protected Area","MPA",97.0671872802995,4,0.545614393777802,"adcap","85"
"Gully Marine Protected Area","MPA",475.404085614462,5,0.58775187099419,"adcap","85"
"Gully Marine Protected Area","MPA",1430.94881901792,6,0.58775187099419,"adcap","85"
"Gully Marine Protected Area","MPA",181.918860366909,7,0.58775187099419,"adcap","85"
"Gully Marine Protected Area","MPA",275.100723159617,8,0.58775187099419,"adcap","85"
"Anguniaqvia niqiqyuam Marine Protected Area","MPA",218.587938396342,9,0.492863127902423,"adcap","85"
"Anguniaqvia niqiqyuam Marine Protected Area","MPA",1149.80561921206,10,0.500308994800024,"adcap","85"
"Anguniaqvia niqiqyuam Marine Protected Area","MPA",949.356909522504,11,0.491271075967993,"adcap","85"
"Anguniaqvia niqiqyuam Marine Protected Area","MPA",38.4626282613625,12,0.500308994800024,"adcap","85"
"Hecate Strait and Queen Charlotte Sound Glass Sponge Reefs Marine Protected Areas","MPA",1382.83955824737,13,0.525933174073655,"adcap","85"
"Hecate Strait and Queen Charlotte Sound Glass Sponge Reefs Marine Protected Areas","MPA",497.58007058563,14,0.525933174073655,"adcap","85"
"Hecate Strait and Queen Charlotte Sound Glass Sponge Reefs Marine Protected Areas","MPA",312.579990901465,15,0.525933174073655,"adcap","85"
"Hecate Strait and Queen Charlotte Sound Glass Sponge Reefs Marine Protected Areas","MPA",759.018145132307,16,0.545745908928208,"adcap","85"
"Hecate Strait and Queen Charlotte Sound Glass Sponge Reefs Marine Protected Areas","MPA",524.087717590748,17,0.545745908928208,"adcap","85"
"Hecate Strait and Queen Charlotte Sound Glass Sponge Reefs Marine Protected Areas","MPA",268.057576475515,18,0.525933174073655,"adcap","85"
"Hecate Strait and Queen Charlotte Sound Glass Sponge Reefs Marine Protected Areas","MPA",168.112672765768,19,0.525933174073655,"adcap","85"
"SGaan Kinghlas-Bowie Seamount Marine Protected Area","MPA",6103.21478615233,20,0.561530709555142,"adcap","85"
"SGaan Kinghlas-Bowie Seamount Marine Protected Area","MPA",0.00988001299774647,21,0.545745908928208,"adcap","85"
"St. Anns Bank Marine Protected Area","MPA",719.759366547536,22,0.559609772708672,"adcap","85"
"St. Anns Bank Marine Protected Area","MPA",113.257336761373,23,0.559609772708672,"adcap","85"
"St. Anns Bank Marine Protected Area","MPA",221.438324525357,24,0.559609772708672,"adcap","85"
"St. Anns Bank Marine Protected Area","MPA",3309.4531859835,25,0.559609772708672,"adcap","85"
"Eastport – Duck Island Marine Protected Area","MPA",1.76796652117767,26,0.549761112790465,"adcap","85"
"Eastport – Round Island Marine Protected Area","MPA",0.330399418062407,27,0.549761112790465,"adcap","85"
"Banc-des-Américains Marine Protected Area","MPA",126.53840321397,28,0.555471458632591,"adcap","85"
"Banc-des-Américains Marine Protected Area","MPA",570.597630978546,29,0.555471458632591,"adcap","85"
"Banc-des-Américains Marine Protected Area","MPA",302.950219892752,30,0.555471458632591,"adcap","85"
"Laurentian Channel Marine Protected Area","MPA",1494.88434608104,31,0.559609772708672,"adcap","85"
"Laurentian Channel Marine Protected Area","MPA",611.470693282166,32,0.559609772708672,"adcap","85"
"Laurentian Channel Marine Protected Area","MPA",4035.24330217855,33,0.559609772708672,"adcap","85"
"Laurentian Channel Marine Protected Area","MPA",5411.22714778716,34,0.559609772708672,"adcap","85"
"Laurentian Channel Marine Protected Area","MPA",23.6506868079857,35,0.58775187099419,"adcap","85"
"Tuvaijuittuq Marine Protected Area","MPA",6396.64763628534,36,0.534347762307762,"adcap","85"
"Tuvaijuittuq Marine Protected Area","MPA",1596.71671950092,37,0.534083366759481,"adcap","85"
"Tuvaijuittuq Marine Protected Area","MPA",39271.0805577963,38,0.504640114688369,"adcap","85"
"Tuvaijuittuq Marine Protected Area","MPA",39196.7377997999,39,0.515107066552744,"adcap","85"
"Tuvaijuittuq Marine Protected Area","MPA",33880.7030747798,40,0.510265027985314,"adcap","85"
"Tuvaijuittuq Marine Protected Area","MPA",28508.3893622142,41,0.498061055536124,"adcap","85"
"Tuvaijuittuq Marine Protected Area","MPA",25246.7741177672,42,0.516466104944235,"adcap","85"
"Tuvaijuittuq Marine Protected Area","MPA",20670.3047652441,43,0.516627147090427,"adcap","85"
"Tuvaijuittuq Marine Protected Area","MPA",14407.5270138215,44,0.52905505178455,"adcap","85"
"Tuvaijuittuq Marine Protected Area","MPA",11899.6671183428,45,0.526033807046261,"adcap","85"
"Tuvaijuittuq Marine Protected Area","MPA",14071.4582677393,46,0.522856988468321,"adcap","85"
"Tuvaijuittuq Marine Protected Area","MPA",18195.1654833467,47,0.527225924105925,"adcap","85"
"Tuvaijuittuq Marine Protected Area","MPA",9551.55374753121,48,0.523449400758422,"adcap","85"
"Tuvaijuittuq Marine Protected Area","MPA",10481.8323062975,49,0.486824210618545,"adcap","85"
"Tuvaijuittuq Marine Protected Area","MPA",1529.41708869447,50,0.49488341495356,"adcap","85"
"Tuvaijuittuq Marine Protected Area","MPA",666.98617405529,51,0.513509429740211,"adcap","85"
"Trout River Lobster closure","OECM",0.649755963521018,52,0.559609772708672,"adcap","85"
"Gander Bay Lobster closure","OECM",76.3601407971297,53,0.549761112790465,"adcap","85"
"Mouse Island Lobster closure","OECM",0.377706815097234,54,0.559609772708672,"adcap","85"
"Glovers Harbour Lobster closure","OECM",0.86243353487441,55,0.559609772708672,"adcap","85"
"Gooseberry Island Lobster closure","OECM",0.0282769535375801,56,0.549761112790465,"adcap","85"
"Shoal Point Lobster closure","OECM",0.647165787501812,57,0.559609772708672,"adcap","85"
"Penguin Islands Lobster closure","OECM",15.5253869203192,58,0.559609772708672,"adcap","85"
"Jordan Basin Conservation Area","OECM",48.8261843408462,59,0.573488119489107,"adcap","85"
"Northeast Channel Coral Conservation Area, Restricted Bottom Fisheries Zone","OECM",390.864155401027,60,0.573488119489107,"adcap","85"
"Corsair and Georges Canyons Conservation Area, Restricted Bottom Fisheries Zone","OECM",7132.20907784282,61,0.573488119489107,"adcap","85"
"Corsair and Georges Canyons Conservation Area, Restricted Bottom Fisheries Zone","OECM",1650.45083159349,62,0.581216765570583,"adcap","85"
"Emerald Basin Sponge Conservation Area","OECM",197.063240713519,63,0.581216765570583,"adcap","85"
"Sambro Bank Sponge Conservation Area","OECM",62.5376059064569,64,0.581216765570583,"adcap","85"
"Lophelia Coral Conservation Area","OECM",14.7238643881459,65,0.58775187099419,"adcap","85"
"Magdalen Islands Lagoons closures","OECM",135.554809777785,66,0.555471458632591,"adcap","85"
"Fisheries closure in the Les Demoiselles nursery, Plaisance Bay, Magdalen Islands","OECM",0.332196795611524,67,0.555471458632591,"adcap","85"
"Miramichi Bay closure","OECM",1186.12358702881,68,0.555471458632591,"adcap","85"
"Parent Bank Sponge Conservation Area","OECM",185.163176365994,69,0.555471458632591,"adcap","85"
"Jacques-Cartier Strait Sponge Conservation Area","OECM",144.075548426126,70,0.555471458632591,"adcap","85"
"Eastern Honguedo Strait Coral and Sponge Conservation Area","OECM",2336.49506928251,71,0.555471458632591,"adcap","85"
"South-East of Anticosti Island Sponge Conservation Area","OECM",845.302428176413,72,0.555471458632591,"adcap","85"
"Beaugé Bank Sponge Conservation Area","OECM",214.551130900237,73,0.555471458632591,"adcap","85"
"East of Anticosti Island Sponge Conservation Area","OECM",939.638243828852,74,0.555471458632591,"adcap","85"
"North of Bennett Bank Coral Conservation Area","OECM",821.098592384708,75,0.555471458632591,"adcap","85"
"Western Honguedo Strait Coral Conservation Area","OECM",495.71350814545,76,0.555471458632591,"adcap","85"
"Central Gulf of St. Lawrence Coral Conservation Area","OECM",1283.99034790846,77,0.555471458632591,"adcap","85"
"Slope of Magdalen Shallows Coral Conservation Area","OECM",334.816084632488,78,0.555471458632591,"adcap","85"
"Eastern Gulf of St. Lawrence Coral Conservation Area","OECM",422.594210350948,79,0.555471458632591,"adcap","85"
"Western/Emerald Banks Conservation Area (restricted fisheries zone)","OECM",10231.8035501467,80,0.581216765570583,"adcap","85"
"Offshore Pacific Seamounts and Vents Closure","OECM",12905.6093317442,81,0.545745908928208,"adcap","85"
"Offshore Pacific Seamounts and Vents Closure","OECM",1013.80217823335,82,0.525933174073655,"adcap","85"
"Offshore Pacific Seamounts and Vents Closure","OECM",35885.7615409573,83,0.558768757489329,"adcap","85"
"Offshore Pacific Seamounts and Vents Closure","OECM",32716.9712920688,84,0.545614393777802,"adcap","85"
"Disko Fan Conservation Area (portion closed to all bottom-contact fishing)","OECM",2357.33154074088,85,0.500907764793436,"adcap","85"
"Disko Fan Conservation Area (portion closed to all bottom-contact fishing)","OECM",5128.04994384089,86,0.527284721756295,"adcap","85"
"Davis Strait Conservation Area","OECM",12006.0302124671,87,0.527284721756295,"adcap","85"
"Davis Strait Conservation Area","OECM",5264.6363960972,88,0.540451190436311,"adcap","85"
"Funk Island Deep Closure","OECM",5051.72431337508,89,0.549463157566605,"adcap","85"
"Funk Island Deep Closure","OECM",2222.72949355844,90,0.549761112790465,"adcap","85"
"Hatton Basin Conservation Area","OECM",34133.8116656886,91,0.53257099967847,"adcap","85"
"Hatton Basin Conservation Area","OECM",7367.520897676,92,0.540451190436311,"adcap","85"
"Hawke Channel  Closure","OECM",8836.82100569973,93,0.549463157566605,"adcap","85"
"Hopedale Saddle Closure","OECM",15382.9515248044,94,0.545736011108241,"adcap","85"
"Division 3O Coral closure","OECM",10435.9933198539,95,0.578750363979988,"adcap","85"
"Bay of Islands Salmon Migration closure","OECM",217.452230772619,96,0.559609772708672,"adcap","85"
"Northeast Newfoundland Slope Closure","OECM",7360.37251318137,97,0.549463157566605,"adcap","85"
"Northeast Newfoundland Slope Closure","OECM",24043.1876090989,98,0.55885356487512,"adcap","85"
"Northeast Newfoundland Slope Closure","OECM",1101.58763078677,99,0.549761112790465,"adcap","85"
"Northeast Newfoundland Slope Closure","OECM",22851.849059068,100,0.555411291200077,"adcap","85"
"Scallop Buffer Zone SFA 21","OECM",333.100083668941,101,0.555471458632591,"adcap","85"
"Scallop Buffer Zone SFA 22","OECM",2801.55317160921,102,0.555471458632591,"adcap","85"
"Scallop Buffer Zone SFA 24","OECM",2322.12636155891,103,0.555471458632591,"adcap","85"
"Eastern Canyons Marine Refuge","OECM",43976.2714732577,104,0.58775187099419,"adcap","85"
"Basin Head Marine Protected Area","MPA",8.64262114660599,1,0.082386688192721,"vulnsd","85"
"Basin Head Marine Protected Area","MPA",0.241572620315136,2,0.082386688192721,"vulnsd","85"
"Basin Head Marine Protected Area","MPA",0.354147479632206,3,0.082386688192721,"vulnsd","85"
"Endeavour Hydrothermal Vents Marine Protected Area","MPA",97.0671872802995,4,0.0668699751257036,"vulnsd","85"
"Gully Marine Protected Area","MPA",475.404085614462,5,0.0614392365536463,"vulnsd","85"
"Gully Marine Protected Area","MPA",1430.94881901792,6,0.0614392365536463,"vulnsd","85"
"Gully Marine Protected Area","MPA",181.918860366909,7,0.0614392365536463,"vulnsd","85"
"Gully Marine Protected Area","MPA",275.100723159617,8,0.0614392365536463,"vulnsd","85"
"Anguniaqvia niqiqyuam Marine Protected Area","MPA",218.587938396342,9,0.051410729902985,"vulnsd","85"
"Anguniaqvia niqiqyuam Marine Protected Area","MPA",1149.80561921206,10,0.0622205157197571,"vulnsd","85"
"Anguniaqvia niqiqyuam Marine Protected Area","MPA",949.356909522504,11,0.0630423449863153,"vulnsd","85"
"Anguniaqvia niqiqyuam Marine Protected Area","MPA",38.4626282613625,12,0.0622205157197571,"vulnsd","85"
"Hecate Strait and Queen Charlotte Sound Glass Sponge Reefs Marine Protected Areas","MPA",1382.83955824737,13,0.0965084206356108,"vulnsd","85"
"Hecate Strait and Queen Charlotte Sound Glass Sponge Reefs Marine Protected Areas","MPA",497.58007058563,14,0.0965084206356108,"vulnsd","85"
"Hecate Strait and Queen Charlotte Sound Glass Sponge Reefs Marine Protected Areas","MPA",312.579990901465,15,0.0965084206356108,"vulnsd","85"
"Hecate Strait and Queen Charlotte Sound Glass Sponge Reefs Marine Protected Areas","MPA",759.018145132307,16,0.0683643014262074,"vulnsd","85"
"Hecate Strait and Queen Charlotte Sound Glass Sponge Reefs Marine Protected Areas","MPA",524.087717590748,17,0.0683643014262074,"vulnsd","85"
"Hecate Strait and Queen Charlotte Sound Glass Sponge Reefs Marine Protected Areas","MPA",268.057576475515,18,0.0965084206356108,"vulnsd","85"
"Hecate Strait and Queen Charlotte Sound Glass Sponge Reefs Marine Protected Areas","MPA",168.112672765768,19,0.0965084206356108,"vulnsd","85"
"SGaan Kinghlas-Bowie Seamount Marine Protected Area","MPA",6103.21478615233,20,0.0484816460935463,"vulnsd","85"
"SGaan Kinghlas-Bowie Seamount Marine Protected Area","MPA",0.00988001299774647,21,0.0683643014262074,"vulnsd","85"
"St. Anns Bank Marine Protected Area","MPA",719.759366547536,22,0.0781748310150309,"vulnsd","85"
"St. Anns Bank Marine Protected Area","MPA",113.257336761373,23,0.0781748310150309,"vulnsd","85"
"St. Anns Bank Marine Protected Area","MPA",221.438324525357,24,0.0781748310150309,"vulnsd","85"
"St. Anns Bank Marine Protected Area","MPA",3309.4531859835,25,0.0781748310150309,"vulnsd","85"
"Eastport – Duck Island Marine Protected Area","MPA",1.76796652117767,26,0.0657889778164105,"vulnsd","85"
"Eastport – Round Island Marine Protected Area","MPA",0.330399418062407,27,0.0657889778164105,"vulnsd","85"
"Banc-des-Américains Marine Protected Area","MPA",126.53840321397,28,0.082386688192721,"vulnsd","85"
"Banc-des-Américains Marine Protected Area","MPA",570.597630978546,29,0.082386688192721,"vulnsd","85"
"Banc-des-Américains Marine Protected Area","MPA",302.950219892752,30,0.082386688192721,"vulnsd","85"
"Laurentian Channel Marine Protected Area","MPA",1494.88434608104,31,0.0781748310150309,"vulnsd","85"
"Laurentian Channel Marine Protected Area","MPA",611.470693282166,32,0.0781748310150309,"vulnsd","85"
"Laurentian Channel Marine Protected Area","MPA",4035.24330217855,33,0.0781748310150309,"vulnsd","85"
"Laurentian Channel Marine Protected Area","MPA",5411.22714778716,34,0.0781748310150309,"vulnsd","85"
"Laurentian Channel Marine Protected Area","MPA",23.6506868079857,35,0.0614392365536463,"vulnsd","85"
"Tuvaijuittuq Marine Protected Area","MPA",6396.64763628534,36,0.00174256130574486,"vulnsd","85"
"Tuvaijuittuq Marine Protected Area","MPA",1596.71671950092,37,0.0175234071558587,"vulnsd","85"
"Tuvaijuittuq Marine Protected Area","MPA",39271.0805577963,38,0.0343094506431268,"vulnsd","85"
"Tuvaijuittuq Marine Protected Area","MPA",39196.7377997999,39,0.0406448641718479,"vulnsd","85"
"Tuvaijuittuq Marine Protected Area","MPA",33880.7030747798,40,0.0393005667339926,"vulnsd","85"
"Tuvaijuittuq Marine Protected Area","MPA",28508.3893622142,41,0.0428513210779498,"vulnsd","85"
"Tuvaijuittuq Marine Protected Area","MPA",25246.7741177672,42,0.0417937558725779,"vulnsd","85"
"Tuvaijuittuq Marine Protected Area","MPA",20670.3047652441,43,0.0426962534384101,"vulnsd","85"
"Tuvaijuittuq Marine Protected Area","MPA",14407.5270138215,44,0.0393650688338334,"vulnsd","85"
"Tuvaijuittuq Marine Protected Area","MPA",11899.6671183428,45,0.0371825455702144,"vulnsd","85"
"Tuvaijuittuq Marine Protected Area","MPA",14071.4582677393,46,0.0372454525421485,"vulnsd","85"
"Tuvaijuittuq Marine Protected Area","MPA",18195.1654833467,47,0.0407994365930337,"vulnsd","85"
"Tuvaijuittuq Marine Protected Area","MPA",9551.55374753121,48,0.0441701761314939,"vulnsd","85"
"Tuvaijuittuq Marine Protected Area","MPA",10481.8323062975,49,0.0347434776635475,"vulnsd","85"
"Tuvaijuittuq Marine Protected Area","MPA",1529.41708869447,50,0.039367151709815,"vulnsd","85"
"Tuvaijuittuq Marine Protected Area","MPA",666.98617405529,51,0.0592757738928313,"vulnsd","85"
"Trout River Lobster closure","OECM",0.649755963521018,52,0.0781748310150309,"vulnsd","85"
"Gander Bay Lobster closure","OECM",76.3601407971297,53,0.0657889778164105,"vulnsd","85"
"Mouse Island Lobster closure","OECM",0.377706815097234,54,0.0781748310150309,"vulnsd","85"
"Glovers Harbour Lobster closure","OECM",0.86243353487441,55,0.0781748310150309,"vulnsd","85"
"Gooseberry Island Lobster closure","OECM",0.0282769535375801,56,0.0657889778164105,"vulnsd","85"
"Shoal Point Lobster closure","OECM",0.647165787501812,57,0.0781748310150309,"vulnsd","85"
"Penguin Islands Lobster closure","OECM",15.5253869203192,58,0.0781748310150309,"vulnsd","85"
"Jordan Basin Conservation Area","OECM",48.8261843408462,59,0.0784123531851785,"vulnsd","85"
"Northeast Channel Coral Conservation Area, Restricted Bottom Fisheries Zone","OECM",390.864155401027,60,0.0784123531851785,"vulnsd","85"
"Corsair and Georges Canyons Conservation Area, Restricted Bottom Fisheries Zone","OECM",7132.20907784282,61,0.0784123531851785,"vulnsd","85"
"Corsair and Georges Canyons Conservation Area, Restricted Bottom Fisheries Zone","OECM",1650.45083159349,62,0.0678937360952311,"vulnsd","85"
"Emerald Basin Sponge Conservation Area","OECM",197.063240713519,63,0.0678937360952311,"vulnsd","85"
"Sambro Bank Sponge Conservation Area","OECM",62.5376059064569,64,0.0678937360952311,"vulnsd","85"
"Lophelia Coral Conservation Area","OECM",14.7238643881459,65,0.0614392365536463,"vulnsd","85"
"Magdalen Islands Lagoons closures","OECM",135.554809777785,66,0.082386688192721,"vulnsd","85"
"Fisheries closure in the Les Demoiselles nursery, Plaisance Bay, Magdalen Islands","OECM",0.332196795611524,67,0.082386688192721,"vulnsd","85"
"Miramichi Bay closure","OECM",1186.12358702881,68,0.082386688192721,"vulnsd","85"
"Parent Bank Sponge Conservation Area","OECM",185.163176365994,69,0.082386688192721,"vulnsd","85"
"Jacques-Cartier Strait Sponge Conservation Area","OECM",144.075548426126,70,0.082386688192721,"vulnsd","85"
"Eastern Honguedo Strait Coral and Sponge Conservation Area","OECM",2336.49506928251,71,0.082386688192721,"vulnsd","85"
"South-East of Anticosti Island Sponge Conservation Area","OECM",845.302428176413,72,0.082386688192721,"vulnsd","85"
"Beaugé Bank Sponge Conservation Area","OECM",214.551130900237,73,0.082386688192721,"vulnsd","85"
"East of Anticosti Island Sponge Conservation Area","OECM",939.638243828852,74,0.082386688192721,"vulnsd","85"
"North of Bennett Bank Coral Conservation Area","OECM",821.098592384708,75,0.082386688192721,"vulnsd","85"
"Western Honguedo Strait Coral Conservation Area","OECM",495.71350814545,76,0.082386688192721,"vulnsd","85"
"Central Gulf of St. Lawrence Coral Conservation Area","OECM",1283.99034790846,77,0.082386688192721,"vulnsd","85"
"Slope of Magdalen Shallows Coral Conservation Area","OECM",334.816084632488,78,0.082386688192721,"vulnsd","85"
"Eastern Gulf of St. Lawrence Coral Conservation Area","OECM",422.594210350948,79,0.082386688192721,"vulnsd","85"
"Western/Emerald Banks Conservation Area (restricted fisheries zone)","OECM",10231.8035501467,80,0.0678937360952311,"vulnsd","85"
"Offshore Pacific Seamounts and Vents Closure","OECM",12905.6093317442,81,0.0683643014262074,"vulnsd","85"
"Offshore Pacific Seamounts and Vents Closure","OECM",1013.80217823335,82,0.0965084206356108,"vulnsd","85"
"Offshore Pacific Seamounts and Vents Closure","OECM",35885.7615409573,83,0.0547406589747455,"vulnsd","85"
"Offshore Pacific Seamounts and Vents Closure","OECM",32716.9712920688,84,0.0668699751257036,"vulnsd","85"
"Disko Fan Conservation Area (portion closed to all bottom-contact fishing)","OECM",2357.33154074088,85,0.0420557024232794,"vulnsd","85"
"Disko Fan Conservation Area (portion closed to all bottom-contact fishing)","OECM",5128.04994384089,86,0.047004712529024,"vulnsd","85"
"Davis Strait Conservation Area","OECM",12006.0302124671,87,0.047004712529024,"vulnsd","85"
"Davis Strait Conservation Area","OECM",5264.6363960972,88,0.0468356826632507,"vulnsd","85"
"Funk Island Deep Closure","OECM",5051.72431337508,89,0.0583880812159351,"vulnsd","85"
"Funk Island Deep Closure","OECM",2222.72949355844,90,0.0657889778164105,"vulnsd","85"
"Hatton Basin Conservation Area","OECM",34133.8116656886,91,0.0533538579123953,"vulnsd","85"
"Hatton Basin Conservation Area","OECM",7367.520897676,92,0.0468356826632507,"vulnsd","85"
"Hawke Channel  Closure","OECM",8836.82100569973,93,0.0583880812159351,"vulnsd","85"
"Hopedale Saddle Closure","OECM",15382.9515248044,94,0.0499546718076207,"vulnsd","85"
"Division 3O Coral closure","OECM",10435.9933198539,95,0.0717278375463526,"vulnsd","85"
"Bay of Islands Salmon Migration closure","OECM",217.452230772619,96,0.0781748310150309,"vulnsd","85"
"Northeast Newfoundland Slope Closure","OECM",7360.37251318137,97,0.0583880812159351,"vulnsd","85"
"Northeast Newfoundland Slope Closure","OECM",24043.1876090989,98,0.0488881754747199,"vulnsd","85"
"Northeast Newfoundland Slope Closure","OECM",1101.58763078677,99,0.0657889778164105,"vulnsd","85"
"Northeast Newfoundland Slope Closure","OECM",22851.849059068,100,0.0614029037790553,"vulnsd","85"
"Scallop Buffer Zone SFA 21","OECM",333.100083668941,101,0.082386688192721,"vulnsd","85"
"Scallop Buffer Zone SFA 22","OECM",2801.55317160921,102,0.082386688192721,"vulnsd","85"
"Scallop Buffer Zone SFA 24","OECM",2322.12636155891,103,0.082386688192721,"vulnsd","85"
"Eastern Canyons Marine Refuge","OECM",43976.2714732577,104,0.0614392365536463,"vulnsd","85"
