"","NAME_E","type","var","rcp","val"
"1","Anguniaqvia niqiqyuam Marine Protected Area","MPA","adcap",26,0.49597670948781
"2","Anguniaqvia niqiqyuam Marine Protected Area","MPA","adcap",85,0.49597670948781
"3","Anguniaqvia niqiqyuam Marine Protected Area","MPA","sens",26,0.295765072052817
"4","Anguniaqvia niqiqyuam Marine Protected Area","MPA","sens",85,0.295765072052817
"5","Anguniaqvia niqiqyuam Marine Protected Area","MPA","vuln",26,0.391549665771012
"6","Anguniaqvia niqiqyuam Marine Protected Area","MPA","vuln",85,0.40826265499173
"7","Anguniaqvia niqiqyuam Marine Protected Area","MPA","vulnsd",26,0.0569685493221185
"8","Anguniaqvia niqiqyuam Marine Protected Area","MPA","vulnsd",85,0.0615488109802182
"9","Banc-des-Américains Marine Protected Area","MPA","adcap",26,0.555471458632591
"10","Banc-des-Américains Marine Protected Area","MPA","adcap",85,0.555471458632591
"11","Banc-des-Américains Marine Protected Area","MPA","sens",26,0.382417919138572
"12","Banc-des-Américains Marine Protected Area","MPA","sens",85,0.382417919138572
"13","Banc-des-Américains Marine Protected Area","MPA","vuln",26,0.390797686061292
"14","Banc-des-Américains Marine Protected Area","MPA","vuln",85,0.411683292043687
"15","Banc-des-Américains Marine Protected Area","MPA","vulnsd",26,0.0692906698731895
"16","Banc-des-Américains Marine Protected Area","MPA","vulnsd",85,0.0823866881927209
"17","Basin Head Marine Protected Area","MPA","adcap",26,0.555471458632591
"18","Basin Head Marine Protected Area","MPA","adcap",85,0.555471458632591
"19","Basin Head Marine Protected Area","MPA","sens",26,0.382417919138572
"20","Basin Head Marine Protected Area","MPA","sens",85,0.382417919138572
"21","Basin Head Marine Protected Area","MPA","vuln",26,0.390797686061292
"22","Basin Head Marine Protected Area","MPA","vuln",85,0.411683292043687
"23","Basin Head Marine Protected Area","MPA","vulnsd",26,0.0692906698731895
"24","Basin Head Marine Protected Area","MPA","vulnsd",85,0.0823866881927209
"25","Bay of Islands Salmon Migration closure","OECM","adcap",26,0.559609772708672
"26","Bay of Islands Salmon Migration closure","OECM","adcap",85,0.559609772708672
"27","Bay of Islands Salmon Migration closure","OECM","sens",26,0.355884299175543
"28","Bay of Islands Salmon Migration closure","OECM","sens",85,0.355884299175543
"29","Bay of Islands Salmon Migration closure","OECM","vuln",26,0.370872474463121
"30","Bay of Islands Salmon Migration closure","OECM","vuln",85,0.394532960415112
"31","Bay of Islands Salmon Migration closure","OECM","vulnsd",26,0.0665835237079366
"32","Bay of Islands Salmon Migration closure","OECM","vulnsd",85,0.0781748310150309
"33","Beaugé Bank Sponge Conservation Area","OECM","adcap",26,0.555471458632591
"34","Beaugé Bank Sponge Conservation Area","OECM","adcap",85,0.555471458632591
"35","Beaugé Bank Sponge Conservation Area","OECM","sens",26,0.382417919138572
"36","Beaugé Bank Sponge Conservation Area","OECM","sens",85,0.382417919138572
"37","Beaugé Bank Sponge Conservation Area","OECM","vuln",26,0.390797686061292
"38","Beaugé Bank Sponge Conservation Area","OECM","vuln",85,0.411683292043687
"39","Beaugé Bank Sponge Conservation Area","OECM","vulnsd",26,0.0692906698731895
"40","Beaugé Bank Sponge Conservation Area","OECM","vulnsd",85,0.0823866881927209
"41","Central Gulf of St. Lawrence Coral Conservation Area","OECM","adcap",26,0.555471458632591
"42","Central Gulf of St. Lawrence Coral Conservation Area","OECM","adcap",85,0.555471458632591
"43","Central Gulf of St. Lawrence Coral Conservation Area","OECM","sens",26,0.382417919138572
"44","Central Gulf of St. Lawrence Coral Conservation Area","OECM","sens",85,0.382417919138572
"45","Central Gulf of St. Lawrence Coral Conservation Area","OECM","vuln",26,0.390797686061292
"46","Central Gulf of St. Lawrence Coral Conservation Area","OECM","vuln",85,0.411683292043687
"47","Central Gulf of St. Lawrence Coral Conservation Area","OECM","vulnsd",26,0.0692906698731895
"48","Central Gulf of St. Lawrence Coral Conservation Area","OECM","vulnsd",85,0.0823866881927209
"49","Corsair and Georges Canyons Conservation Area, Restricted Bottom Fisheries Zone","OECM","adcap",26,0.574940498436237
"50","Corsair and Georges Canyons Conservation Area, Restricted Bottom Fisheries Zone","OECM","adcap",85,0.574940498436237
"51","Corsair and Georges Canyons Conservation Area, Restricted Bottom Fisheries Zone","OECM","sens",26,0.347174994070501
"52","Corsair and Georges Canyons Conservation Area, Restricted Bottom Fisheries Zone","OECM","sens",85,0.347174994070501
"53","Corsair and Georges Canyons Conservation Area, Restricted Bottom Fisheries Zone","OECM","vuln",26,0.353203261326015
"54","Corsair and Georges Canyons Conservation Area, Restricted Bottom Fisheries Zone","OECM","vuln",85,0.369127591789665
"55","Corsair and Georges Canyons Conservation Area, Restricted Bottom Fisheries Zone","OECM","vulnsd",26,0.0699082964576103
"56","Corsair and Georges Canyons Conservation Area, Restricted Bottom Fisheries Zone","OECM","vulnsd",85,0.076435678635289
"57","Davis Strait Conservation Area","OECM","adcap",26,0.531298270960386
"58","Davis Strait Conservation Area","OECM","adcap",85,0.531298270960386
"59","Davis Strait Conservation Area","OECM","sens",26,0.210893881434524
"60","Davis Strait Conservation Area","OECM","sens",85,0.210893881434524
"61","Davis Strait Conservation Area","OECM","vuln",26,0.328110705526487
"62","Davis Strait Conservation Area","OECM","vuln",85,0.351739387601016
"63","Davis Strait Conservation Area","OECM","vulnsd",26,0.04586370760055
"64","Davis Strait Conservation Area","OECM","vulnsd",85,0.0469531869681671
"65","Disko Fan Conservation Area (portion closed to all bottom-contact fishing)","OECM","adcap",26,0.51897796641919
"66","Disko Fan Conservation Area (portion closed to all bottom-contact fishing)","OECM","adcap",85,0.51897796641919
"67","Disko Fan Conservation Area (portion closed to all bottom-contact fishing)","OECM","sens",26,0.217344704726023
"68","Disko Fan Conservation Area (portion closed to all bottom-contact fishing)","OECM","sens",85,0.217344704726023
"69","Disko Fan Conservation Area (portion closed to all bottom-contact fishing)","OECM","vuln",26,0.340526955494886
"70","Disko Fan Conservation Area (portion closed to all bottom-contact fishing)","OECM","vuln",85,0.368349902207567
"71","Disko Fan Conservation Area (portion closed to all bottom-contact fishing)","OECM","vulnsd",26,0.0441195087244205
"72","Disko Fan Conservation Area (portion closed to all bottom-contact fishing)","OECM","vulnsd",85,0.0454461469914161
"73","Division 3O Coral closure","OECM","adcap",26,0.578750363979988
"74","Division 3O Coral closure","OECM","adcap",85,0.578750363979988
"75","Division 3O Coral closure","OECM","sens",26,0.322792753191946
"76","Division 3O Coral closure","OECM","sens",85,0.322792753191946
"77","Division 3O Coral closure","OECM","vuln",26,0.335817596033103
"78","Division 3O Coral closure","OECM","vuln",85,0.351170283156885
"79","Division 3O Coral closure","OECM","vulnsd",26,0.0652136155966469
"80","Division 3O Coral closure","OECM","vulnsd",85,0.0717278375463526
"81","East of Anticosti Island Sponge Conservation Area","OECM","adcap",26,0.555471458632591
"82","East of Anticosti Island Sponge Conservation Area","OECM","adcap",85,0.555471458632591
"83","East of Anticosti Island Sponge Conservation Area","OECM","sens",26,0.382417919138572
"84","East of Anticosti Island Sponge Conservation Area","OECM","sens",85,0.382417919138572
"85","East of Anticosti Island Sponge Conservation Area","OECM","vuln",26,0.390797686061292
"86","East of Anticosti Island Sponge Conservation Area","OECM","vuln",85,0.411683292043687
"87","East of Anticosti Island Sponge Conservation Area","OECM","vulnsd",26,0.0692906698731895
"88","East of Anticosti Island Sponge Conservation Area","OECM","vulnsd",85,0.0823866881927209
"89","Eastern Canyons Marine Refuge","OECM","adcap",26,0.58775187099419
"90","Eastern Canyons Marine Refuge","OECM","adcap",85,0.58775187099419
"91","Eastern Canyons Marine Refuge","OECM","sens",26,0.285106238755472
"92","Eastern Canyons Marine Refuge","OECM","sens",85,0.285106238755472
"93","Eastern Canyons Marine Refuge","OECM","vuln",26,0.290679480751363
"94","Eastern Canyons Marine Refuge","OECM","vuln",85,0.312219844966006
"95","Eastern Canyons Marine Refuge","OECM","vulnsd",26,0.0576700668840372
"96","Eastern Canyons Marine Refuge","OECM","vulnsd",85,0.0614392365536463
"97","Eastern Gulf of St. Lawrence Coral Conservation Area","OECM","adcap",26,0.555471458632591
"98","Eastern Gulf of St. Lawrence Coral Conservation Area","OECM","adcap",85,0.555471458632591
"99","Eastern Gulf of St. Lawrence Coral Conservation Area","OECM","sens",26,0.382417919138572
"100","Eastern Gulf of St. Lawrence Coral Conservation Area","OECM","sens",85,0.382417919138572
"101","Eastern Gulf of St. Lawrence Coral Conservation Area","OECM","vuln",26,0.390797686061292
"102","Eastern Gulf of St. Lawrence Coral Conservation Area","OECM","vuln",85,0.411683292043687
"103","Eastern Gulf of St. Lawrence Coral Conservation Area","OECM","vulnsd",26,0.0692906698731895
"104","Eastern Gulf of St. Lawrence Coral Conservation Area","OECM","vulnsd",85,0.0823866881927209
"105","Eastern Honguedo Strait Coral and Sponge Conservation Area","OECM","adcap",26,0.555471458632591
"106","Eastern Honguedo Strait Coral and Sponge Conservation Area","OECM","adcap",85,0.555471458632591
"107","Eastern Honguedo Strait Coral and Sponge Conservation Area","OECM","sens",26,0.382417919138572
"108","Eastern Honguedo Strait Coral and Sponge Conservation Area","OECM","sens",85,0.382417919138572
"109","Eastern Honguedo Strait Coral and Sponge Conservation Area","OECM","vuln",26,0.390797686061292
"110","Eastern Honguedo Strait Coral and Sponge Conservation Area","OECM","vuln",85,0.411683292043687
"111","Eastern Honguedo Strait Coral and Sponge Conservation Area","OECM","vulnsd",26,0.0692906698731895
"112","Eastern Honguedo Strait Coral and Sponge Conservation Area","OECM","vulnsd",85,0.0823866881927209
"113","Eastport – Duck Island Marine Protected Area","MPA","adcap",26,0.549761112790465
"114","Eastport – Duck Island Marine Protected Area","MPA","adcap",85,0.549761112790465
"115","Eastport – Duck Island Marine Protected Area","MPA","sens",26,0.342249012412472
"116","Eastport – Duck Island Marine Protected Area","MPA","sens",85,0.342249012412472
"117","Eastport – Duck Island Marine Protected Area","MPA","vuln",26,0.355963088786206
"118","Eastport – Duck Island Marine Protected Area","MPA","vuln",85,0.38015244201834
"119","Eastport – Duck Island Marine Protected Area","MPA","vulnsd",26,0.0612947904418715
"120","Eastport – Duck Island Marine Protected Area","MPA","vulnsd",85,0.0657889778164105
"121","Eastport – Round Island Marine Protected Area","MPA","adcap",26,0.549761112790465
"122","Eastport – Round Island Marine Protected Area","MPA","adcap",85,0.549761112790465
"123","Eastport – Round Island Marine Protected Area","MPA","sens",26,0.342249012412472
"124","Eastport – Round Island Marine Protected Area","MPA","sens",85,0.342249012412472
"125","Eastport – Round Island Marine Protected Area","MPA","vuln",26,0.355963088786206
"126","Eastport – Round Island Marine Protected Area","MPA","vuln",85,0.38015244201834
"127","Eastport – Round Island Marine Protected Area","MPA","vulnsd",26,0.0612947904418715
"128","Eastport – Round Island Marine Protected Area","MPA","vulnsd",85,0.0657889778164105
"129","Emerald Basin Sponge Conservation Area","OECM","adcap",26,0.581216765570583
"130","Emerald Basin Sponge Conservation Area","OECM","adcap",85,0.581216765570583
"131","Emerald Basin Sponge Conservation Area","OECM","sens",26,0.320997615669557
"132","Emerald Basin Sponge Conservation Area","OECM","sens",85,0.320997615669557
"133","Emerald Basin Sponge Conservation Area","OECM","vuln",26,0.32295183037715
"134","Emerald Basin Sponge Conservation Area","OECM","vuln",85,0.344724699479418
"135","Emerald Basin Sponge Conservation Area","OECM","vulnsd",26,0.0623907226785116
"136","Emerald Basin Sponge Conservation Area","OECM","vulnsd",85,0.0678937360952311
"137","Endeavour Hydrothermal Vents Marine Protected Area","MPA","adcap",26,0.545614393777802
"138","Endeavour Hydrothermal Vents Marine Protected Area","MPA","adcap",85,0.545614393777802
"139","Endeavour Hydrothermal Vents Marine Protected Area","MPA","sens",26,0.19264199176551
"140","Endeavour Hydrothermal Vents Marine Protected Area","MPA","sens",85,0.19264199176551
"141","Endeavour Hydrothermal Vents Marine Protected Area","MPA","vuln",26,0.305143832057056
"142","Endeavour Hydrothermal Vents Marine Protected Area","MPA","vuln",85,0.334879642261938
"143","Endeavour Hydrothermal Vents Marine Protected Area","MPA","vulnsd",26,0.0611914118355849
"144","Endeavour Hydrothermal Vents Marine Protected Area","MPA","vulnsd",85,0.0668699751257036
"145","Fisheries closure in the Les Demoiselles nursery, Plaisance Bay, Magdalen Islands","OECM","adcap",26,0.555471458632591
"146","Fisheries closure in the Les Demoiselles nursery, Plaisance Bay, Magdalen Islands","OECM","adcap",85,0.555471458632591
"147","Fisheries closure in the Les Demoiselles nursery, Plaisance Bay, Magdalen Islands","OECM","sens",26,0.382417919138572
"148","Fisheries closure in the Les Demoiselles nursery, Plaisance Bay, Magdalen Islands","OECM","sens",85,0.382417919138572
"149","Fisheries closure in the Les Demoiselles nursery, Plaisance Bay, Magdalen Islands","OECM","vuln",26,0.390797686061292
"150","Fisheries closure in the Les Demoiselles nursery, Plaisance Bay, Magdalen Islands","OECM","vuln",85,0.411683292043687
"151","Fisheries closure in the Les Demoiselles nursery, Plaisance Bay, Magdalen Islands","OECM","vulnsd",26,0.0692906698731895
"152","Fisheries closure in the Les Demoiselles nursery, Plaisance Bay, Magdalen Islands","OECM","vulnsd",85,0.0823866881927209
"153","Funk Island Deep Closure","OECM","adcap",26,0.549554198609882
"154","Funk Island Deep Closure","OECM","adcap",85,0.549554198609882
"155","Funk Island Deep Closure","OECM","sens",26,0.278236254822374
"156","Funk Island Deep Closure","OECM","sens",85,0.278236254822374
"157","Funk Island Deep Closure","OECM","vuln",26,0.335924336735672
"158","Funk Island Deep Closure","OECM","vuln",85,0.356298906100927
"159","Funk Island Deep Closure","OECM","vulnsd",26,0.0569775269866834
"160","Funk Island Deep Closure","OECM","vulnsd",85,0.060649445655081
"161","Gander Bay Lobster closure","OECM","adcap",26,0.549761112790465
"162","Gander Bay Lobster closure","OECM","adcap",85,0.549761112790465
"163","Gander Bay Lobster closure","OECM","sens",26,0.342249012412472
"164","Gander Bay Lobster closure","OECM","sens",85,0.342249012412472
"165","Gander Bay Lobster closure","OECM","vuln",26,0.355963088786206
"166","Gander Bay Lobster closure","OECM","vuln",85,0.38015244201834
"167","Gander Bay Lobster closure","OECM","vulnsd",26,0.0612947904418715
"168","Gander Bay Lobster closure","OECM","vulnsd",85,0.0657889778164105
"169","Glovers Harbour Lobster closure","OECM","adcap",26,0.559609772708672
"170","Glovers Harbour Lobster closure","OECM","adcap",85,0.559609772708672
"171","Glovers Harbour Lobster closure","OECM","sens",26,0.355884299175543
"172","Glovers Harbour Lobster closure","OECM","sens",85,0.355884299175543
"173","Glovers Harbour Lobster closure","OECM","vuln",26,0.370872474463121
"174","Glovers Harbour Lobster closure","OECM","vuln",85,0.394532960415112
"175","Glovers Harbour Lobster closure","OECM","vulnsd",26,0.0665835237079366
"176","Glovers Harbour Lobster closure","OECM","vulnsd",85,0.0781748310150309
"177","Gooseberry Island Lobster closure","OECM","adcap",26,0.549761112790465
"178","Gooseberry Island Lobster closure","OECM","adcap",85,0.549761112790465
"179","Gooseberry Island Lobster closure","OECM","sens",26,0.342249012412472
"180","Gooseberry Island Lobster closure","OECM","sens",85,0.342249012412472
"181","Gooseberry Island Lobster closure","OECM","vuln",26,0.355963088786206
"182","Gooseberry Island Lobster closure","OECM","vuln",85,0.38015244201834
"183","Gooseberry Island Lobster closure","OECM","vulnsd",26,0.0612947904418715
"184","Gooseberry Island Lobster closure","OECM","vulnsd",85,0.0657889778164105
"185","Gully Marine Protected Area","MPA","adcap",26,0.58775187099419
"186","Gully Marine Protected Area","MPA","adcap",85,0.58775187099419
"187","Gully Marine Protected Area","MPA","sens",26,0.285106238755472
"188","Gully Marine Protected Area","MPA","sens",85,0.285106238755472
"189","Gully Marine Protected Area","MPA","vuln",26,0.290679480751363
"190","Gully Marine Protected Area","MPA","vuln",85,0.312219844966006
"191","Gully Marine Protected Area","MPA","vulnsd",26,0.0576700668840372
"192","Gully Marine Protected Area","MPA","vulnsd",85,0.0614392365536463
"193","Hatton Basin Conservation Area","OECM","adcap",26,0.533969929941671
"194","Hatton Basin Conservation Area","OECM","adcap",85,0.533969929941671
"195","Hatton Basin Conservation Area","OECM","sens",26,0.238485176807191
"196","Hatton Basin Conservation Area","OECM","sens",85,0.238485176807191
"197","Hatton Basin Conservation Area","OECM","vuln",26,0.339836796515151
"198","Hatton Basin Conservation Area","OECM","vuln",85,0.364014423671137
"199","Hatton Basin Conservation Area","OECM","vulnsd",26,0.0501292724709144
"200","Hatton Basin Conservation Area","OECM","vulnsd",85,0.0521967193484837
"201","Hawke Channel  Closure","OECM","adcap",26,0.549463157566605
"202","Hawke Channel  Closure","OECM","adcap",85,0.549463157566605
"203","Hawke Channel  Closure","OECM","sens",26,0.250071011543019
"204","Hawke Channel  Closure","OECM","sens",85,0.250071011543019
"205","Hawke Channel  Closure","OECM","vuln",26,0.327107401678257
"206","Hawke Channel  Closure","OECM","vuln",85,0.345803488195501
"207","Hawke Channel  Closure","OECM","vulnsd",26,0.0550779560246717
"208","Hawke Channel  Closure","OECM","vulnsd",85,0.0583880812159351
"209","Hecate Strait and Queen Charlotte Sound Glass Sponge Reefs Marine Protected Areas","MPA","adcap",26,0.532431140472718
"210","Hecate Strait and Queen Charlotte Sound Glass Sponge Reefs Marine Protected Areas","MPA","adcap",85,0.532431140472718
"211","Hecate Strait and Queen Charlotte Sound Glass Sponge Reefs Marine Protected Areas","MPA","sens",26,0.265026234366125
"212","Hecate Strait and Queen Charlotte Sound Glass Sponge Reefs Marine Protected Areas","MPA","sens",85,0.265026234366125
"213","Hecate Strait and Queen Charlotte Sound Glass Sponge Reefs Marine Protected Areas","MPA","vuln",26,0.367013398859356
"214","Hecate Strait and Queen Charlotte Sound Glass Sponge Reefs Marine Protected Areas","MPA","vuln",85,0.393455010105402
"215","Hecate Strait and Queen Charlotte Sound Glass Sponge Reefs Marine Protected Areas","MPA","vulnsd",26,0.0771955358465807
"216","Hecate Strait and Queen Charlotte Sound Glass Sponge Reefs Marine Protected Areas","MPA","vulnsd",85,0.0872780169434172
"217","Hopedale Saddle Closure","OECM","adcap",26,0.545736011108241
"218","Hopedale Saddle Closure","OECM","adcap",85,0.545736011108241
"219","Hopedale Saddle Closure","OECM","sens",26,0.241091858312374
"220","Hopedale Saddle Closure","OECM","sens",85,0.241091858312374
"221","Hopedale Saddle Closure","OECM","vuln",26,0.306862725076053
"222","Hopedale Saddle Closure","OECM","vuln",85,0.336166108634751
"223","Hopedale Saddle Closure","OECM","vulnsd",26,0.0495891462099624
"224","Hopedale Saddle Closure","OECM","vulnsd",85,0.0499546718076207
"225","Jacques-Cartier Strait Sponge Conservation Area","OECM","adcap",26,0.555471458632591
"226","Jacques-Cartier Strait Sponge Conservation Area","OECM","adcap",85,0.555471458632591
"227","Jacques-Cartier Strait Sponge Conservation Area","OECM","sens",26,0.382417919138572
"228","Jacques-Cartier Strait Sponge Conservation Area","OECM","sens",85,0.382417919138572
"229","Jacques-Cartier Strait Sponge Conservation Area","OECM","vuln",26,0.390797686061292
"230","Jacques-Cartier Strait Sponge Conservation Area","OECM","vuln",85,0.411683292043687
"231","Jacques-Cartier Strait Sponge Conservation Area","OECM","vulnsd",26,0.0692906698731895
"232","Jacques-Cartier Strait Sponge Conservation Area","OECM","vulnsd",85,0.0823866881927209
"233","Jordan Basin Conservation Area","OECM","adcap",26,0.573488119489107
"234","Jordan Basin Conservation Area","OECM","adcap",85,0.573488119489107
"235","Jordan Basin Conservation Area","OECM","sens",26,0.353232651029128
"236","Jordan Basin Conservation Area","OECM","sens",85,0.353232651029128
"237","Jordan Basin Conservation Area","OECM","vuln",26,0.36020368697556
"238","Jordan Basin Conservation Area","OECM","vuln",85,0.374774618323401
"239","Jordan Basin Conservation Area","OECM","vulnsd",26,0.0716479237960494
"240","Jordan Basin Conservation Area","OECM","vulnsd",85,0.0784123531851785
"241","Laurentian Channel Marine Protected Area","MPA","adcap",26,0.559667266884149
"242","Laurentian Channel Marine Protected Area","MPA","adcap",85,0.559667266884149
"243","Laurentian Channel Marine Protected Area","MPA","sens",26,0.355739699928377
"244","Laurentian Channel Marine Protected Area","MPA","sens",85,0.355739699928377
"245","Laurentian Channel Marine Protected Area","MPA","vuln",26,0.370708640551173
"246","Laurentian Channel Marine Protected Area","MPA","vuln",85,0.394364795104348
"247","Laurentian Channel Marine Protected Area","MPA","vulnsd",26,0.0665653135572384
"248","Laurentian Channel Marine Protected Area","MPA","vulnsd",85,0.0781406402736398
"249","Lophelia Coral Conservation Area","OECM","adcap",26,0.58775187099419
"250","Lophelia Coral Conservation Area","OECM","adcap",85,0.58775187099419
"251","Lophelia Coral Conservation Area","OECM","sens",26,0.285106238755472
"252","Lophelia Coral Conservation Area","OECM","sens",85,0.285106238755472
"253","Lophelia Coral Conservation Area","OECM","vuln",26,0.290679480751363
"254","Lophelia Coral Conservation Area","OECM","vuln",85,0.312219844966006
"255","Lophelia Coral Conservation Area","OECM","vulnsd",26,0.0576700668840372
"256","Lophelia Coral Conservation Area","OECM","vulnsd",85,0.0614392365536463
"257","Magdalen Islands Lagoons closures","OECM","adcap",26,0.555471458632591
"258","Magdalen Islands Lagoons closures","OECM","adcap",85,0.555471458632591
"259","Magdalen Islands Lagoons closures","OECM","sens",26,0.382417919138572
"260","Magdalen Islands Lagoons closures","OECM","sens",85,0.382417919138572
"261","Magdalen Islands Lagoons closures","OECM","vuln",26,0.390797686061292
"262","Magdalen Islands Lagoons closures","OECM","vuln",85,0.411683292043687
"263","Magdalen Islands Lagoons closures","OECM","vulnsd",26,0.0692906698731895
"264","Magdalen Islands Lagoons closures","OECM","vulnsd",85,0.0823866881927209
"265","Miramichi Bay closure","OECM","adcap",26,0.555471458632591
"266","Miramichi Bay closure","OECM","adcap",85,0.555471458632591
"267","Miramichi Bay closure","OECM","sens",26,0.382417919138572
"268","Miramichi Bay closure","OECM","sens",85,0.382417919138572
"269","Miramichi Bay closure","OECM","vuln",26,0.390797686061292
"270","Miramichi Bay closure","OECM","vuln",85,0.411683292043687
"271","Miramichi Bay closure","OECM","vulnsd",26,0.0692906698731895
"272","Miramichi Bay closure","OECM","vulnsd",85,0.0823866881927209
"273","Mouse Island Lobster closure","OECM","adcap",26,0.559609772708672
"274","Mouse Island Lobster closure","OECM","adcap",85,0.559609772708672
"275","Mouse Island Lobster closure","OECM","sens",26,0.355884299175543
"276","Mouse Island Lobster closure","OECM","sens",85,0.355884299175543
"277","Mouse Island Lobster closure","OECM","vuln",26,0.370872474463121
"278","Mouse Island Lobster closure","OECM","vuln",85,0.394532960415112
"279","Mouse Island Lobster closure","OECM","vulnsd",26,0.0665835237079366
"280","Mouse Island Lobster closure","OECM","vulnsd",85,0.0781748310150309
"281","North of Bennett Bank Coral Conservation Area","OECM","adcap",26,0.555471458632591
"282","North of Bennett Bank Coral Conservation Area","OECM","adcap",85,0.555471458632591
"283","North of Bennett Bank Coral Conservation Area","OECM","sens",26,0.382417919138572
"284","North of Bennett Bank Coral Conservation Area","OECM","sens",85,0.382417919138572
"285","North of Bennett Bank Coral Conservation Area","OECM","vuln",26,0.390797686061292
"286","North of Bennett Bank Coral Conservation Area","OECM","vuln",85,0.411683292043687
"287","North of Bennett Bank Coral Conservation Area","OECM","vulnsd",26,0.0692906698731895
"288","North of Bennett Bank Coral Conservation Area","OECM","vulnsd",85,0.0823866881927209
"289","Northeast Channel Coral Conservation Area, Restricted Bottom Fisheries Zone","OECM","adcap",26,0.573488119489107
"290","Northeast Channel Coral Conservation Area, Restricted Bottom Fisheries Zone","OECM","adcap",85,0.573488119489107
"291","Northeast Channel Coral Conservation Area, Restricted Bottom Fisheries Zone","OECM","sens",26,0.353232651029128
"292","Northeast Channel Coral Conservation Area, Restricted Bottom Fisheries Zone","OECM","sens",85,0.353232651029128
"293","Northeast Channel Coral Conservation Area, Restricted Bottom Fisheries Zone","OECM","vuln",26,0.36020368697556
"294","Northeast Channel Coral Conservation Area, Restricted Bottom Fisheries Zone","OECM","vuln",85,0.374774618323401
"295","Northeast Channel Coral Conservation Area, Restricted Bottom Fisheries Zone","OECM","vulnsd",26,0.0716479237960494
"296","Northeast Channel Coral Conservation Area, Restricted Bottom Fisheries Zone","OECM","vulnsd",85,0.0784123531851785
"297","Northeast Newfoundland Slope Closure","OECM","adcap",26,0.556003060763252
"298","Northeast Newfoundland Slope Closure","OECM","adcap",85,0.556003060763252
"299","Northeast Newfoundland Slope Closure","OECM","sens",26,0.25898273977706
"300","Northeast Newfoundland Slope Closure","OECM","sens",85,0.25898273977706
"301","Northeast Newfoundland Slope Closure","OECM","vuln",26,0.311736844406278
"302","Northeast Newfoundland Slope Closure","OECM","vuln",85,0.325452798147693
"303","Northeast Newfoundland Slope Closure","OECM","vulnsd",26,0.0530458818450609
"304","Northeast Newfoundland Slope Closure","OECM","vulnsd",85,0.0556538106012728
"305","Offshore Pacific Seamounts and Vents Closure","OECM","adcap",26,0.551113508987906
"306","Offshore Pacific Seamounts and Vents Closure","OECM","adcap",85,0.551113508987906
"307","Offshore Pacific Seamounts and Vents Closure","OECM","sens",26,0.177504940339304
"308","Offshore Pacific Seamounts and Vents Closure","OECM","sens",85,0.177504940339304
"309","Offshore Pacific Seamounts and Vents Closure","OECM","vuln",26,0.289575153173415
"310","Offshore Pacific Seamounts and Vents Closure","OECM","vuln",85,0.322475323206466
"311","Offshore Pacific Seamounts and Vents Closure","OECM","vulnsd",26,0.056357520211986
"312","Offshore Pacific Seamounts and Vents Closure","OECM","vulnsd",85,0.0621932057801982
"313","Parent Bank Sponge Conservation Area","OECM","adcap",26,0.555471458632591
"314","Parent Bank Sponge Conservation Area","OECM","adcap",85,0.555471458632591
"315","Parent Bank Sponge Conservation Area","OECM","sens",26,0.382417919138572
"316","Parent Bank Sponge Conservation Area","OECM","sens",85,0.382417919138572
"317","Parent Bank Sponge Conservation Area","OECM","vuln",26,0.390797686061292
"318","Parent Bank Sponge Conservation Area","OECM","vuln",85,0.411683292043687
"319","Parent Bank Sponge Conservation Area","OECM","vulnsd",26,0.0692906698731895
"320","Parent Bank Sponge Conservation Area","OECM","vulnsd",85,0.0823866881927209
"321","Penguin Islands Lobster closure","OECM","adcap",26,0.559609772708672
"322","Penguin Islands Lobster closure","OECM","adcap",85,0.559609772708672
"323","Penguin Islands Lobster closure","OECM","sens",26,0.355884299175543
"324","Penguin Islands Lobster closure","OECM","sens",85,0.355884299175543
"325","Penguin Islands Lobster closure","OECM","vuln",26,0.370872474463121
"326","Penguin Islands Lobster closure","OECM","vuln",85,0.394532960415112
"327","Penguin Islands Lobster closure","OECM","vulnsd",26,0.0665835237079366
"328","Penguin Islands Lobster closure","OECM","vulnsd",85,0.0781748310150309
"329","Sambro Bank Sponge Conservation Area","OECM","adcap",26,0.581216765570583
"330","Sambro Bank Sponge Conservation Area","OECM","adcap",85,0.581216765570583
"331","Sambro Bank Sponge Conservation Area","OECM","sens",26,0.320997615669557
"332","Sambro Bank Sponge Conservation Area","OECM","sens",85,0.320997615669557
"333","Sambro Bank Sponge Conservation Area","OECM","vuln",26,0.32295183037715
"334","Sambro Bank Sponge Conservation Area","OECM","vuln",85,0.344724699479418
"335","Sambro Bank Sponge Conservation Area","OECM","vulnsd",26,0.0623907226785116
"336","Sambro Bank Sponge Conservation Area","OECM","vulnsd",85,0.0678937360952311
"337","Scallop Buffer Zone SFA 21","OECM","adcap",26,0.555471458632591
"338","Scallop Buffer Zone SFA 21","OECM","adcap",85,0.555471458632591
"339","Scallop Buffer Zone SFA 21","OECM","sens",26,0.382417919138572
"340","Scallop Buffer Zone SFA 21","OECM","sens",85,0.382417919138572
"341","Scallop Buffer Zone SFA 21","OECM","vuln",26,0.390797686061292
"342","Scallop Buffer Zone SFA 21","OECM","vuln",85,0.411683292043687
"343","Scallop Buffer Zone SFA 21","OECM","vulnsd",26,0.0692906698731895
"344","Scallop Buffer Zone SFA 21","OECM","vulnsd",85,0.0823866881927209
"345","Scallop Buffer Zone SFA 22","OECM","adcap",26,0.555471458632591
"346","Scallop Buffer Zone SFA 22","OECM","adcap",85,0.555471458632591
"347","Scallop Buffer Zone SFA 22","OECM","sens",26,0.382417919138572
"348","Scallop Buffer Zone SFA 22","OECM","sens",85,0.382417919138572
"349","Scallop Buffer Zone SFA 22","OECM","vuln",26,0.390797686061292
"350","Scallop Buffer Zone SFA 22","OECM","vuln",85,0.411683292043687
"351","Scallop Buffer Zone SFA 22","OECM","vulnsd",26,0.0692906698731895
"352","Scallop Buffer Zone SFA 22","OECM","vulnsd",85,0.0823866881927209
"353","Scallop Buffer Zone SFA 24","OECM","adcap",26,0.555471458632591
"354","Scallop Buffer Zone SFA 24","OECM","adcap",85,0.555471458632591
"355","Scallop Buffer Zone SFA 24","OECM","sens",26,0.382417919138572
"356","Scallop Buffer Zone SFA 24","OECM","sens",85,0.382417919138572
"357","Scallop Buffer Zone SFA 24","OECM","vuln",26,0.390797686061292
"358","Scallop Buffer Zone SFA 24","OECM","vuln",85,0.411683292043687
"359","Scallop Buffer Zone SFA 24","OECM","vulnsd",26,0.0692906698731895
"360","Scallop Buffer Zone SFA 24","OECM","vulnsd",85,0.0823866881927209
"361","SGaan Kinghlas-Bowie Seamount Marine Protected Area","MPA","adcap",26,0.561530684002415
"362","SGaan Kinghlas-Bowie Seamount Marine Protected Area","MPA","adcap",85,0.561530684002415
"363","SGaan Kinghlas-Bowie Seamount Marine Protected Area","MPA","sens",26,0.14180805693134
"364","SGaan Kinghlas-Bowie Seamount Marine Protected Area","MPA","sens",85,0.14180805693134
"365","SGaan Kinghlas-Bowie Seamount Marine Protected Area","MPA","vuln",26,0.264061482795071
"366","SGaan Kinghlas-Bowie Seamount Marine Protected Area","MPA","vuln",85,0.298325658983709
"367","SGaan Kinghlas-Bowie Seamount Marine Protected Area","MPA","vulnsd",26,0.0417331625042638
"368","SGaan Kinghlas-Bowie Seamount Marine Protected Area","MPA","vulnsd",85,0.0484816782799566
"369","Shoal Point Lobster closure","OECM","adcap",26,0.559609772708672
"370","Shoal Point Lobster closure","OECM","adcap",85,0.559609772708672
"371","Shoal Point Lobster closure","OECM","sens",26,0.355884299175543
"372","Shoal Point Lobster closure","OECM","sens",85,0.355884299175543
"373","Shoal Point Lobster closure","OECM","vuln",26,0.370872474463121
"374","Shoal Point Lobster closure","OECM","vuln",85,0.394532960415112
"375","Shoal Point Lobster closure","OECM","vulnsd",26,0.0665835237079366
"376","Shoal Point Lobster closure","OECM","vulnsd",85,0.0781748310150309
"377","Slope of Magdalen Shallows Coral Conservation Area","OECM","adcap",26,0.555471458632591
"378","Slope of Magdalen Shallows Coral Conservation Area","OECM","adcap",85,0.555471458632591
"379","Slope of Magdalen Shallows Coral Conservation Area","OECM","sens",26,0.382417919138572
"380","Slope of Magdalen Shallows Coral Conservation Area","OECM","sens",85,0.382417919138572
"381","Slope of Magdalen Shallows Coral Conservation Area","OECM","vuln",26,0.390797686061292
"382","Slope of Magdalen Shallows Coral Conservation Area","OECM","vuln",85,0.411683292043687
"383","Slope of Magdalen Shallows Coral Conservation Area","OECM","vulnsd",26,0.0692906698731895
"384","Slope of Magdalen Shallows Coral Conservation Area","OECM","vulnsd",85,0.0823866881927209
"385","South-East of Anticosti Island Sponge Conservation Area","OECM","adcap",26,0.555471458632591
"386","South-East of Anticosti Island Sponge Conservation Area","OECM","adcap",85,0.555471458632591
"387","South-East of Anticosti Island Sponge Conservation Area","OECM","sens",26,0.382417919138572
"388","South-East of Anticosti Island Sponge Conservation Area","OECM","sens",85,0.382417919138572
"389","South-East of Anticosti Island Sponge Conservation Area","OECM","vuln",26,0.390797686061292
"390","South-East of Anticosti Island Sponge Conservation Area","OECM","vuln",85,0.411683292043687
"391","South-East of Anticosti Island Sponge Conservation Area","OECM","vulnsd",26,0.0692906698731895
"392","South-East of Anticosti Island Sponge Conservation Area","OECM","vulnsd",85,0.0823866881927209
"393","St. Anns Bank Marine Protected Area","MPA","adcap",26,0.559609772708672
"394","St. Anns Bank Marine Protected Area","MPA","adcap",85,0.559609772708672
"395","St. Anns Bank Marine Protected Area","MPA","sens",26,0.355884299175543
"396","St. Anns Bank Marine Protected Area","MPA","sens",85,0.355884299175543
"397","St. Anns Bank Marine Protected Area","MPA","vuln",26,0.370872474463121
"398","St. Anns Bank Marine Protected Area","MPA","vuln",85,0.394532960415112
"399","St. Anns Bank Marine Protected Area","MPA","vulnsd",26,0.0665835237079366
"400","St. Anns Bank Marine Protected Area","MPA","vulnsd",85,0.0781748310150309
"401","Trout River Lobster closure","OECM","adcap",26,0.559609772708672
"402","Trout River Lobster closure","OECM","adcap",85,0.559609772708672
"403","Trout River Lobster closure","OECM","sens",26,0.355884299175543
"404","Trout River Lobster closure","OECM","sens",85,0.355884299175543
"405","Trout River Lobster closure","OECM","vuln",26,0.370872474463121
"406","Trout River Lobster closure","OECM","vuln",85,0.394532960415112
"407","Trout River Lobster closure","OECM","vulnsd",26,0.0665835237079366
"408","Trout River Lobster closure","OECM","vulnsd",85,0.0781748310150309
"409","Tuvaijuittuq Marine Protected Area","MPA","adcap",26,0.513546020579604
"410","Tuvaijuittuq Marine Protected Area","MPA","adcap",85,0.513546020579604
"411","Tuvaijuittuq Marine Protected Area","MPA","sens",26,0.178364904492467
"412","Tuvaijuittuq Marine Protected Area","MPA","sens",85,0.178364904492467
"413","Tuvaijuittuq Marine Protected Area","MPA","vuln",26,0.320640056089827
"414","Tuvaijuittuq Marine Protected Area","MPA","vuln",85,0.369870131333797
"415","Tuvaijuittuq Marine Protected Area","MPA","vulnsd",26,0.0326369965758966
"416","Tuvaijuittuq Marine Protected Area","MPA","vulnsd",85,0.0385830725435202
"417","Western Honguedo Strait Coral Conservation Area","OECM","adcap",26,0.555471458632591
"418","Western Honguedo Strait Coral Conservation Area","OECM","adcap",85,0.555471458632591
"419","Western Honguedo Strait Coral Conservation Area","OECM","sens",26,0.382417919138572
"420","Western Honguedo Strait Coral Conservation Area","OECM","sens",85,0.382417919138572
"421","Western Honguedo Strait Coral Conservation Area","OECM","vuln",26,0.390797686061292
"422","Western Honguedo Strait Coral Conservation Area","OECM","vuln",85,0.411683292043687
"423","Western Honguedo Strait Coral Conservation Area","OECM","vulnsd",26,0.0692906698731895
"424","Western Honguedo Strait Coral Conservation Area","OECM","vulnsd",85,0.0823866881927209
"425","Western/Emerald Banks Conservation Area (restricted fisheries zone)","OECM","adcap",26,0.581216765570583
"426","Western/Emerald Banks Conservation Area (restricted fisheries zone)","OECM","adcap",85,0.581216765570583
"427","Western/Emerald Banks Conservation Area (restricted fisheries zone)","OECM","sens",26,0.320997615669557
"428","Western/Emerald Banks Conservation Area (restricted fisheries zone)","OECM","sens",85,0.320997615669557
"429","Western/Emerald Banks Conservation Area (restricted fisheries zone)","OECM","vuln",26,0.32295183037715
"430","Western/Emerald Banks Conservation Area (restricted fisheries zone)","OECM","vuln",85,0.344724699479418
"431","Western/Emerald Banks Conservation Area (restricted fisheries zone)","OECM","vulnsd",26,0.0623907226785116
"432","Western/Emerald Banks Conservation Area (restricted fisheries zone)","OECM","vulnsd",85,0.0678937360952311
