"mar_name","mar_type","cell_area","id","value","var","rcp"
"Machias Seal Island Migratory Bird Sanctuary","MPA",25.2774718518548,1,0.36020368697556,"vuln","26"
"Kejimkujik Seaside National Park and Historic Site","MPA",1.29712593598309,2,0.32295183037715,"vuln","26"
"Boot Island National Wildlife Area","MPA",0.889392722224477,3,0.390797686061292,"vuln","26"
"John Lusby Marsh National Wildlife Area","MPA",5.38000618051625,4,0.390797686061292,"vuln","26"
"Musquash Estuary Marine Protected Area","MPA",7.42151010804729,5,0.381991208644878,"vuln","26"
"Corsair/Georges Canyons Conservation Area","OECM",7163.39579606268,6,0.36020368697556,"vuln","26"
"Corsair/Georges Canyons Conservation Area","OECM",1650.45083253763,7,0.32295183037715,"vuln","26"
"Jordan Basin Conservation Area","OECM",48.8261842124078,8,0.36020368697556,"vuln","26"
"Western Emerald Bank Conservation Area","OECM",9634.39751162809,9,0.32295183037715,"vuln","26"
"Western Emerald Bank Conservation Area","OECM",597.406042399414,10,0.32295183037715,"vuln","26"
"Northeast Channel Coral Conservation Area","OECM",390.864154904646,11,0.36020368697556,"vuln","26"
"Emerald Basin Sponge Conservation Area","OECM",197.063240571096,12,0.32295183037715,"vuln","26"
"Sambro Bank Sponge Conservation Area","OECM",62.5376059500454,13,0.32295183037715,"vuln","26"
"St Anns Bank Marine Protected Area","MPA",4374.02367120912,14,0.370872474463121,"vuln","26"
"The Gully Marine Protected Area","MPA",2363.92158622877,15,0.290679480751363,"vuln","26"
"Eastern Shoal","Draft",56.6940885364327,16,0.370872474463121,"vuln","26"
"Eastern Shoal","Draft",675.021491221952,17,0.290679480751363,"vuln","26"
"Scotian Gulf","Draft",1952.47468525818,18,0.32295183037715,"vuln","26"
"Central Scotian Slope, Rise and Abyss","Draft",18201.1126042619,19,0.32295183037715,"vuln","26"
"Georges Bank","Draft",717.40114515331,20,0.36020368697556,"vuln","26"
"Roseway Bank","Draft",203.079842592293,21,0.36020368697556,"vuln","26"
"Roseway Bank","Draft",1293.05612264259,22,0.32295183037715,"vuln","26"
"LaHave Basin","Draft",1564.47132682843,23,0.32295183037715,"vuln","26"
"Cold Seeps","Draft",1989.54752836381,24,0.290679480751363,"vuln","26"
"Misaine Bank and Laurentian Channel","Draft",2452.59413930404,25,0.370872474463121,"vuln","26"
"North of Emerald Basin Sea Pen Field","Draft",260.463753030471,26,0.32295183037715,"vuln","26"
"Northern Gulf of Maine","Draft",975.886233382271,27,0.36020368697556,"vuln","26"
"Middle Bank-Canso Bank","Draft",756.862596833472,28,0.390797686061292,"vuln","26"
"Middle Bank-Canso Bank","Draft",500.523335336274,29,0.370872474463121,"vuln","26"
"Middle Bank-Canso Bank","Draft",2177.17446061815,30,0.32295183037715,"vuln","26"
"Middle Bank-Canso Bank","Draft",500.279052450595,31,0.290679480751363,"vuln","26"
"Sable Island Bank","Draft",1647.99900540771,32,0.32295183037715,"vuln","26"
"Western Jordan Basin","Draft",558.463394316761,33,0.36020368697556,"vuln","26"
"Eastern Shore Islands","AOI",2135.42537649273,34,0.32295183037715,"vuln","26"
"Big Glace Bay","Draft",5.30693326117209,35,0.370872474463121,"vuln","26"
"Point Michaud and Basque Islands","Draft",54.2759000692839,36,0.390797686061292,"vuln","26"
"Canso Ledges - Sugar Harbour Islands","Draft",655.07642752536,37,0.390797686061292,"vuln","26"
"Sambro Ledges - Prospect","Draft",369.722406360307,38,0.32295183037715,"vuln","26"
"LaHave Islands","Draft",142.608020584176,39,0.32295183037715,"vuln","26"
"Port Joli and Surrounding Areas","Draft",13.6482717088525,40,0.36020368697556,"vuln","26"
"Port Joli and Surrounding Areas","Draft",131.630406553354,41,0.32295183037715,"vuln","26"
"Bon Portage Island","Draft",13.9991227582152,42,0.36020368697556,"vuln","26"
"Chebogue","Draft",111.291500959341,43,0.36020368697556,"vuln","26"
"Southern Bight","Draft",216.117188378571,44,0.390797686061292,"vuln","26"
"Southern Bight","Draft",1.44699652152209,45,0.32295183037715,"vuln","26"
"Pearl Island","Draft",82.3449319092439,46,0.32295183037715,"vuln","26"
"South Grand Manan","Draft",413.855364317355,47,0.36020368697556,"vuln","26"
"Long Eddy","Draft",34.5363922491119,48,0.36020368697556,"vuln","26"
"Horse Mussel Reefs","Draft",490.952749124708,49,0.381991208644878,"vuln","26"
"Horse Mussel Reefs","Draft",134.633322265216,50,0.36020368697556,"vuln","26"
"Bird Islands","Draft",11.1538563156824,51,0.390797686061292,"vuln","26"
"Bras d’Or Lakes EBSA","Draft",1456.70356545536,52,0.390797686061292,"vuln","26"
"Brier Island","Draft",999.155893999486,53,0.36020368697556,"vuln","26"
"Chignecto Bay","Draft",408.196644090458,54,0.390797686061292,"vuln","26"
"Head Harbour, West Isles and The Passages","Draft",37.6468784169941,55,0.381991208644878,"vuln","26"
"Head Harbour, West Isles and The Passages","Draft",66.0813409363152,56,0.36020368697556,"vuln","26"
"Fundian Channel-Browns Bank","AOI",7252.77213729093,57,0.36020368697556,"vuln","26"
"Eastern Canyons Marine Refuge","OECM",43976.2714732577,58,0.290679480751363,"vuln","26"
"Machias Seal Island Migratory Bird Sanctuary","MPA",25.2774718518548,1,0.353232651029128,"sens","26"
"Kejimkujik Seaside National Park and Historic Site","MPA",1.29712593598309,2,0.320997615669557,"sens","26"
"Boot Island National Wildlife Area","MPA",0.889392722224477,3,0.382417919138572,"sens","26"
"John Lusby Marsh National Wildlife Area","MPA",5.38000618051625,4,0.382417919138572,"sens","26"
"Musquash Estuary Marine Protected Area","MPA",7.42151010804729,5,0.365270046360904,"sens","26"
"Corsair/Georges Canyons Conservation Area","OECM",7163.39579606268,6,0.353232651029128,"sens","26"
"Corsair/Georges Canyons Conservation Area","OECM",1650.45083253763,7,0.320997615669557,"sens","26"
"Jordan Basin Conservation Area","OECM",48.8261842124078,8,0.353232651029128,"sens","26"
"Western Emerald Bank Conservation Area","OECM",9634.39751162809,9,0.320997615669557,"sens","26"
"Western Emerald Bank Conservation Area","OECM",597.406042399414,10,0.320997615669557,"sens","26"
"Northeast Channel Coral Conservation Area","OECM",390.864154904646,11,0.353232651029128,"sens","26"
"Emerald Basin Sponge Conservation Area","OECM",197.063240571096,12,0.320997615669557,"sens","26"
"Sambro Bank Sponge Conservation Area","OECM",62.5376059500454,13,0.320997615669557,"sens","26"
"St Anns Bank Marine Protected Area","MPA",4374.02367120912,14,0.355884299175543,"sens","26"
"The Gully Marine Protected Area","MPA",2363.92158622877,15,0.285106238755472,"sens","26"
"Eastern Shoal","Draft",56.6940885364327,16,0.355884299175543,"sens","26"
"Eastern Shoal","Draft",675.021491221952,17,0.285106238755472,"sens","26"
"Scotian Gulf","Draft",1952.47468525818,18,0.320997615669557,"sens","26"
"Central Scotian Slope, Rise and Abyss","Draft",18201.1126042619,19,0.320997615669557,"sens","26"
"Georges Bank","Draft",717.40114515331,20,0.353232651029128,"sens","26"
"Roseway Bank","Draft",203.079842592293,21,0.353232651029128,"sens","26"
"Roseway Bank","Draft",1293.05612264259,22,0.320997615669557,"sens","26"
"LaHave Basin","Draft",1564.47132682843,23,0.320997615669557,"sens","26"
"Cold Seeps","Draft",1989.54752836381,24,0.285106238755472,"sens","26"
"Misaine Bank and Laurentian Channel","Draft",2452.59413930404,25,0.355884299175543,"sens","26"
"North of Emerald Basin Sea Pen Field","Draft",260.463753030471,26,0.320997615669557,"sens","26"
"Northern Gulf of Maine","Draft",975.886233382271,27,0.353232651029128,"sens","26"
"Middle Bank-Canso Bank","Draft",756.862596833472,28,0.382417919138572,"sens","26"
"Middle Bank-Canso Bank","Draft",500.523335336274,29,0.355884299175543,"sens","26"
"Middle Bank-Canso Bank","Draft",2177.17446061815,30,0.320997615669557,"sens","26"
"Middle Bank-Canso Bank","Draft",500.279052450595,31,0.285106238755472,"sens","26"
"Sable Island Bank","Draft",1647.99900540771,32,0.320997615669557,"sens","26"
"Western Jordan Basin","Draft",558.463394316761,33,0.353232651029128,"sens","26"
"Eastern Shore Islands","AOI",2135.42537649273,34,0.320997615669557,"sens","26"
"Big Glace Bay","Draft",5.30693326117209,35,0.355884299175543,"sens","26"
"Point Michaud and Basque Islands","Draft",54.2759000692839,36,0.382417919138572,"sens","26"
"Canso Ledges - Sugar Harbour Islands","Draft",655.07642752536,37,0.382417919138572,"sens","26"
"Sambro Ledges - Prospect","Draft",369.722406360307,38,0.320997615669557,"sens","26"
"LaHave Islands","Draft",142.608020584176,39,0.320997615669557,"sens","26"
"Port Joli and Surrounding Areas","Draft",13.6482717088525,40,0.353232651029128,"sens","26"
"Port Joli and Surrounding Areas","Draft",131.630406553354,41,0.320997615669557,"sens","26"
"Bon Portage Island","Draft",13.9991227582152,42,0.353232651029128,"sens","26"
"Chebogue","Draft",111.291500959341,43,0.353232651029128,"sens","26"
"Southern Bight","Draft",216.117188378571,44,0.382417919138572,"sens","26"
"Southern Bight","Draft",1.44699652152209,45,0.320997615669557,"sens","26"
"Pearl Island","Draft",82.3449319092439,46,0.320997615669557,"sens","26"
"South Grand Manan","Draft",413.855364317355,47,0.353232651029128,"sens","26"
"Long Eddy","Draft",34.5363922491119,48,0.353232651029128,"sens","26"
"Horse Mussel Reefs","Draft",490.952749124708,49,0.365270046360904,"sens","26"
"Horse Mussel Reefs","Draft",134.633322265216,50,0.353232651029128,"sens","26"
"Bird Islands","Draft",11.1538563156824,51,0.382417919138572,"sens","26"
"Bras d’Or Lakes EBSA","Draft",1456.70356545536,52,0.382417919138572,"sens","26"
"Brier Island","Draft",999.155893999486,53,0.353232651029128,"sens","26"
"Chignecto Bay","Draft",408.196644090458,54,0.382417919138572,"sens","26"
"Head Harbour, West Isles and The Passages","Draft",37.6468784169941,55,0.365270046360904,"sens","26"
"Head Harbour, West Isles and The Passages","Draft",66.0813409363152,56,0.353232651029128,"sens","26"
"Fundian Channel-Browns Bank","AOI",7252.77213729093,57,0.353232651029128,"sens","26"
"Eastern Canyons Marine Refuge","OECM",43976.2714732577,58,0.285106238755472,"sens","26"
"Machias Seal Island Migratory Bird Sanctuary","MPA",25.2774718518548,1,0.573488119489107,"adcap","26"
"Kejimkujik Seaside National Park and Historic Site","MPA",1.29712593598309,2,0.581216765570583,"adcap","26"
"Boot Island National Wildlife Area","MPA",0.889392722224477,3,0.555471458632591,"adcap","26"
"John Lusby Marsh National Wildlife Area","MPA",5.38000618051625,4,0.555471458632591,"adcap","26"
"Musquash Estuary Marine Protected Area","MPA",7.42151010804729,5,0.566162437140259,"adcap","26"
"Corsair/Georges Canyons Conservation Area","OECM",7163.39579606268,6,0.573488119489107,"adcap","26"
"Corsair/Georges Canyons Conservation Area","OECM",1650.45083253763,7,0.581216765570583,"adcap","26"
"Jordan Basin Conservation Area","OECM",48.8261842124078,8,0.573488119489107,"adcap","26"
"Western Emerald Bank Conservation Area","OECM",9634.39751162809,9,0.581216765570583,"adcap","26"
"Western Emerald Bank Conservation Area","OECM",597.406042399414,10,0.581216765570583,"adcap","26"
"Northeast Channel Coral Conservation Area","OECM",390.864154904646,11,0.573488119489107,"adcap","26"
"Emerald Basin Sponge Conservation Area","OECM",197.063240571096,12,0.581216765570583,"adcap","26"
"Sambro Bank Sponge Conservation Area","OECM",62.5376059500454,13,0.581216765570583,"adcap","26"
"St Anns Bank Marine Protected Area","MPA",4374.02367120912,14,0.559609772708672,"adcap","26"
"The Gully Marine Protected Area","MPA",2363.92158622877,15,0.58775187099419,"adcap","26"
"Eastern Shoal","Draft",56.6940885364327,16,0.559609772708672,"adcap","26"
"Eastern Shoal","Draft",675.021491221952,17,0.58775187099419,"adcap","26"
"Scotian Gulf","Draft",1952.47468525818,18,0.581216765570583,"adcap","26"
"Central Scotian Slope, Rise and Abyss","Draft",18201.1126042619,19,0.581216765570583,"adcap","26"
"Georges Bank","Draft",717.40114515331,20,0.573488119489107,"adcap","26"
"Roseway Bank","Draft",203.079842592293,21,0.573488119489107,"adcap","26"
"Roseway Bank","Draft",1293.05612264259,22,0.581216765570583,"adcap","26"
"LaHave Basin","Draft",1564.47132682843,23,0.581216765570583,"adcap","26"
"Cold Seeps","Draft",1989.54752836381,24,0.58775187099419,"adcap","26"
"Misaine Bank and Laurentian Channel","Draft",2452.59413930404,25,0.559609772708672,"adcap","26"
"North of Emerald Basin Sea Pen Field","Draft",260.463753030471,26,0.581216765570583,"adcap","26"
"Northern Gulf of Maine","Draft",975.886233382271,27,0.573488119489107,"adcap","26"
"Middle Bank-Canso Bank","Draft",756.862596833472,28,0.555471458632591,"adcap","26"
"Middle Bank-Canso Bank","Draft",500.523335336274,29,0.559609772708672,"adcap","26"
"Middle Bank-Canso Bank","Draft",2177.17446061815,30,0.581216765570583,"adcap","26"
"Middle Bank-Canso Bank","Draft",500.279052450595,31,0.58775187099419,"adcap","26"
"Sable Island Bank","Draft",1647.99900540771,32,0.581216765570583,"adcap","26"
"Western Jordan Basin","Draft",558.463394316761,33,0.573488119489107,"adcap","26"
"Eastern Shore Islands","AOI",2135.42537649273,34,0.581216765570583,"adcap","26"
"Big Glace Bay","Draft",5.30693326117209,35,0.559609772708672,"adcap","26"
"Point Michaud and Basque Islands","Draft",54.2759000692839,36,0.555471458632591,"adcap","26"
"Canso Ledges - Sugar Harbour Islands","Draft",655.07642752536,37,0.555471458632591,"adcap","26"
"Sambro Ledges - Prospect","Draft",369.722406360307,38,0.581216765570583,"adcap","26"
"LaHave Islands","Draft",142.608020584176,39,0.581216765570583,"adcap","26"
"Port Joli and Surrounding Areas","Draft",13.6482717088525,40,0.573488119489107,"adcap","26"
"Port Joli and Surrounding Areas","Draft",131.630406553354,41,0.581216765570583,"adcap","26"
"Bon Portage Island","Draft",13.9991227582152,42,0.573488119489107,"adcap","26"
"Chebogue","Draft",111.291500959341,43,0.573488119489107,"adcap","26"
"Southern Bight","Draft",216.117188378571,44,0.555471458632591,"adcap","26"
"Southern Bight","Draft",1.44699652152209,45,0.581216765570583,"adcap","26"
"Pearl Island","Draft",82.3449319092439,46,0.581216765570583,"adcap","26"
"South Grand Manan","Draft",413.855364317355,47,0.573488119489107,"adcap","26"
"Long Eddy","Draft",34.5363922491119,48,0.573488119489107,"adcap","26"
"Horse Mussel Reefs","Draft",490.952749124708,49,0.566162437140259,"adcap","26"
"Horse Mussel Reefs","Draft",134.633322265216,50,0.573488119489107,"adcap","26"
"Bird Islands","Draft",11.1538563156824,51,0.555471458632591,"adcap","26"
"Bras d’Or Lakes EBSA","Draft",1456.70356545536,52,0.555471458632591,"adcap","26"
"Brier Island","Draft",999.155893999486,53,0.573488119489107,"adcap","26"
"Chignecto Bay","Draft",408.196644090458,54,0.555471458632591,"adcap","26"
"Head Harbour, West Isles and The Passages","Draft",37.6468784169941,55,0.566162437140259,"adcap","26"
"Head Harbour, West Isles and The Passages","Draft",66.0813409363152,56,0.573488119489107,"adcap","26"
"Fundian Channel-Browns Bank","AOI",7252.77213729093,57,0.573488119489107,"adcap","26"
"Eastern Canyons Marine Refuge","OECM",43976.2714732577,58,0.58775187099419,"adcap","26"
"Machias Seal Island Migratory Bird Sanctuary","MPA",25.2774718518548,1,0.0716479237960494,"vulnsd","26"
"Kejimkujik Seaside National Park and Historic Site","MPA",1.29712593598309,2,0.0623907226785116,"vulnsd","26"
"Boot Island National Wildlife Area","MPA",0.889392722224477,3,0.0692906698731895,"vulnsd","26"
"John Lusby Marsh National Wildlife Area","MPA",5.38000618051625,4,0.0692906698731895,"vulnsd","26"
"Musquash Estuary Marine Protected Area","MPA",7.42151010804729,5,0.0687665014189175,"vulnsd","26"
"Corsair/Georges Canyons Conservation Area","OECM",7163.39579606268,6,0.0716479237960494,"vulnsd","26"
"Corsair/Georges Canyons Conservation Area","OECM",1650.45083253763,7,0.0623907226785116,"vulnsd","26"
"Jordan Basin Conservation Area","OECM",48.8261842124078,8,0.0716479237960494,"vulnsd","26"
"Western Emerald Bank Conservation Area","OECM",9634.39751162809,9,0.0623907226785116,"vulnsd","26"
"Western Emerald Bank Conservation Area","OECM",597.406042399414,10,0.0623907226785116,"vulnsd","26"
"Northeast Channel Coral Conservation Area","OECM",390.864154904646,11,0.0716479237960494,"vulnsd","26"
"Emerald Basin Sponge Conservation Area","OECM",197.063240571096,12,0.0623907226785116,"vulnsd","26"
"Sambro Bank Sponge Conservation Area","OECM",62.5376059500454,13,0.0623907226785116,"vulnsd","26"
"St Anns Bank Marine Protected Area","MPA",4374.02367120912,14,0.0665835237079366,"vulnsd","26"
"The Gully Marine Protected Area","MPA",2363.92158622877,15,0.0576700668840372,"vulnsd","26"
"Eastern Shoal","Draft",56.6940885364327,16,0.0665835237079366,"vulnsd","26"
"Eastern Shoal","Draft",675.021491221952,17,0.0576700668840372,"vulnsd","26"
"Scotian Gulf","Draft",1952.47468525818,18,0.0623907226785116,"vulnsd","26"
"Central Scotian Slope, Rise and Abyss","Draft",18201.1126042619,19,0.0623907226785116,"vulnsd","26"
"Georges Bank","Draft",717.40114515331,20,0.0716479237960494,"vulnsd","26"
"Roseway Bank","Draft",203.079842592293,21,0.0716479237960494,"vulnsd","26"
"Roseway Bank","Draft",1293.05612264259,22,0.0623907226785116,"vulnsd","26"
"LaHave Basin","Draft",1564.47132682843,23,0.0623907226785116,"vulnsd","26"
"Cold Seeps","Draft",1989.54752836381,24,0.0576700668840372,"vulnsd","26"
"Misaine Bank and Laurentian Channel","Draft",2452.59413930404,25,0.0665835237079366,"vulnsd","26"
"North of Emerald Basin Sea Pen Field","Draft",260.463753030471,26,0.0623907226785116,"vulnsd","26"
"Northern Gulf of Maine","Draft",975.886233382271,27,0.0716479237960494,"vulnsd","26"
"Middle Bank-Canso Bank","Draft",756.862596833472,28,0.0692906698731895,"vulnsd","26"
"Middle Bank-Canso Bank","Draft",500.523335336274,29,0.0665835237079366,"vulnsd","26"
"Middle Bank-Canso Bank","Draft",2177.17446061815,30,0.0623907226785116,"vulnsd","26"
"Middle Bank-Canso Bank","Draft",500.279052450595,31,0.0576700668840372,"vulnsd","26"
"Sable Island Bank","Draft",1647.99900540771,32,0.0623907226785116,"vulnsd","26"
"Western Jordan Basin","Draft",558.463394316761,33,0.0716479237960494,"vulnsd","26"
"Eastern Shore Islands","AOI",2135.42537649273,34,0.0623907226785116,"vulnsd","26"
"Big Glace Bay","Draft",5.30693326117209,35,0.0665835237079366,"vulnsd","26"
"Point Michaud and Basque Islands","Draft",54.2759000692839,36,0.0692906698731895,"vulnsd","26"
"Canso Ledges - Sugar Harbour Islands","Draft",655.07642752536,37,0.0692906698731895,"vulnsd","26"
"Sambro Ledges - Prospect","Draft",369.722406360307,38,0.0623907226785116,"vulnsd","26"
"LaHave Islands","Draft",142.608020584176,39,0.0623907226785116,"vulnsd","26"
"Port Joli and Surrounding Areas","Draft",13.6482717088525,40,0.0716479237960494,"vulnsd","26"
"Port Joli and Surrounding Areas","Draft",131.630406553354,41,0.0623907226785116,"vulnsd","26"
"Bon Portage Island","Draft",13.9991227582152,42,0.0716479237960494,"vulnsd","26"
"Chebogue","Draft",111.291500959341,43,0.0716479237960494,"vulnsd","26"
"Southern Bight","Draft",216.117188378571,44,0.0692906698731895,"vulnsd","26"
"Southern Bight","Draft",1.44699652152209,45,0.0623907226785116,"vulnsd","26"
"Pearl Island","Draft",82.3449319092439,46,0.0623907226785116,"vulnsd","26"
"South Grand Manan","Draft",413.855364317355,47,0.0716479237960494,"vulnsd","26"
"Long Eddy","Draft",34.5363922491119,48,0.0716479237960494,"vulnsd","26"
"Horse Mussel Reefs","Draft",490.952749124708,49,0.0687665014189175,"vulnsd","26"
"Horse Mussel Reefs","Draft",134.633322265216,50,0.0716479237960494,"vulnsd","26"
"Bird Islands","Draft",11.1538563156824,51,0.0692906698731895,"vulnsd","26"
"Bras d’Or Lakes EBSA","Draft",1456.70356545536,52,0.0692906698731895,"vulnsd","26"
"Brier Island","Draft",999.155893999486,53,0.0716479237960494,"vulnsd","26"
"Chignecto Bay","Draft",408.196644090458,54,0.0692906698731895,"vulnsd","26"
"Head Harbour, West Isles and The Passages","Draft",37.6468784169941,55,0.0687665014189175,"vulnsd","26"
"Head Harbour, West Isles and The Passages","Draft",66.0813409363152,56,0.0716479237960494,"vulnsd","26"
"Fundian Channel-Browns Bank","AOI",7252.77213729093,57,0.0716479237960494,"vulnsd","26"
"Eastern Canyons Marine Refuge","OECM",43976.2714732577,58,0.0576700668840372,"vulnsd","26"
"Machias Seal Island Migratory Bird Sanctuary","MPA",25.2774718518548,1,0.374774618323401,"vuln","85"
"Kejimkujik Seaside National Park and Historic Site","MPA",1.29712593598309,2,0.344724699479418,"vuln","85"
"Boot Island National Wildlife Area","MPA",0.889392722224477,3,0.411683292043687,"vuln","85"
"John Lusby Marsh National Wildlife Area","MPA",5.38000618051625,4,0.411683292043687,"vuln","85"
"Musquash Estuary Marine Protected Area","MPA",7.42151010804729,5,0.405109158161688,"vuln","85"
"Corsair/Georges Canyons Conservation Area","OECM",7163.39579606268,6,0.374774618323401,"vuln","85"
"Corsair/Georges Canyons Conservation Area","OECM",1650.45083253763,7,0.344724699479418,"vuln","85"
"Jordan Basin Conservation Area","OECM",48.8261842124078,8,0.374774618323401,"vuln","85"
"Western Emerald Bank Conservation Area","OECM",9634.39751162809,9,0.344724699479418,"vuln","85"
"Western Emerald Bank Conservation Area","OECM",597.406042399414,10,0.344724699479418,"vuln","85"
"Northeast Channel Coral Conservation Area","OECM",390.864154904646,11,0.374774618323401,"vuln","85"
"Emerald Basin Sponge Conservation Area","OECM",197.063240571096,12,0.344724699479418,"vuln","85"
"Sambro Bank Sponge Conservation Area","OECM",62.5376059500454,13,0.344724699479418,"vuln","85"
"St Anns Bank Marine Protected Area","MPA",4374.02367120912,14,0.394532960415112,"vuln","85"
"The Gully Marine Protected Area","MPA",2363.92158622877,15,0.312219844966006,"vuln","85"
"Eastern Shoal","Draft",56.6940885364327,16,0.394532960415112,"vuln","85"
"Eastern Shoal","Draft",675.021491221952,17,0.312219844966006,"vuln","85"
"Scotian Gulf","Draft",1952.47468525818,18,0.344724699479418,"vuln","85"
"Central Scotian Slope, Rise and Abyss","Draft",18201.1126042619,19,0.344724699479418,"vuln","85"
"Georges Bank","Draft",717.40114515331,20,0.374774618323401,"vuln","85"
"Roseway Bank","Draft",203.079842592293,21,0.374774618323401,"vuln","85"
"Roseway Bank","Draft",1293.05612264259,22,0.344724699479418,"vuln","85"
"LaHave Basin","Draft",1564.47132682843,23,0.344724699479418,"vuln","85"
"Cold Seeps","Draft",1989.54752836381,24,0.312219844966006,"vuln","85"
"Misaine Bank and Laurentian Channel","Draft",2452.59413930404,25,0.394532960415112,"vuln","85"
"North of Emerald Basin Sea Pen Field","Draft",260.463753030471,26,0.344724699479418,"vuln","85"
"Northern Gulf of Maine","Draft",975.886233382271,27,0.374774618323401,"vuln","85"
"Middle Bank-Canso Bank","Draft",756.862596833472,28,0.411683292043687,"vuln","85"
"Middle Bank-Canso Bank","Draft",500.523335336274,29,0.394532960415112,"vuln","85"
"Middle Bank-Canso Bank","Draft",2177.17446061815,30,0.344724699479418,"vuln","85"
"Middle Bank-Canso Bank","Draft",500.279052450595,31,0.312219844966006,"vuln","85"
"Sable Island Bank","Draft",1647.99900540771,32,0.344724699479418,"vuln","85"
"Western Jordan Basin","Draft",558.463394316761,33,0.374774618323401,"vuln","85"
"Eastern Shore Islands","AOI",2135.42537649273,34,0.344724699479418,"vuln","85"
"Big Glace Bay","Draft",5.30693326117209,35,0.394532960415112,"vuln","85"
"Point Michaud and Basque Islands","Draft",54.2759000692839,36,0.411683292043687,"vuln","85"
"Canso Ledges - Sugar Harbour Islands","Draft",655.07642752536,37,0.411683292043687,"vuln","85"
"Sambro Ledges - Prospect","Draft",369.722406360307,38,0.344724699479418,"vuln","85"
"LaHave Islands","Draft",142.608020584176,39,0.344724699479418,"vuln","85"
"Port Joli and Surrounding Areas","Draft",13.6482717088525,40,0.374774618323401,"vuln","85"
"Port Joli and Surrounding Areas","Draft",131.630406553354,41,0.344724699479418,"vuln","85"
"Bon Portage Island","Draft",13.9991227582152,42,0.374774618323401,"vuln","85"
"Chebogue","Draft",111.291500959341,43,0.374774618323401,"vuln","85"
"Southern Bight","Draft",216.117188378571,44,0.411683292043687,"vuln","85"
"Southern Bight","Draft",1.44699652152209,45,0.344724699479418,"vuln","85"
"Pearl Island","Draft",82.3449319092439,46,0.344724699479418,"vuln","85"
"South Grand Manan","Draft",413.855364317355,47,0.374774618323401,"vuln","85"
"Long Eddy","Draft",34.5363922491119,48,0.374774618323401,"vuln","85"
"Horse Mussel Reefs","Draft",490.952749124708,49,0.405109158161688,"vuln","85"
"Horse Mussel Reefs","Draft",134.633322265216,50,0.374774618323401,"vuln","85"
"Bird Islands","Draft",11.1538563156824,51,0.411683292043687,"vuln","85"
"Bras d’Or Lakes EBSA","Draft",1456.70356545536,52,0.411683292043687,"vuln","85"
"Brier Island","Draft",999.155893999486,53,0.374774618323401,"vuln","85"
"Chignecto Bay","Draft",408.196644090458,54,0.411683292043687,"vuln","85"
"Head Harbour, West Isles and The Passages","Draft",37.6468784169941,55,0.405109158161688,"vuln","85"
"Head Harbour, West Isles and The Passages","Draft",66.0813409363152,56,0.374774618323401,"vuln","85"
"Fundian Channel-Browns Bank","AOI",7252.77213729093,57,0.374774618323401,"vuln","85"
"Eastern Canyons Marine Refuge","OECM",43976.2714732577,58,0.312219844966006,"vuln","85"
"Machias Seal Island Migratory Bird Sanctuary","MPA",25.2774718518548,1,0.353232651029128,"sens","85"
"Kejimkujik Seaside National Park and Historic Site","MPA",1.29712593598309,2,0.320997615669557,"sens","85"
"Boot Island National Wildlife Area","MPA",0.889392722224477,3,0.382417919138572,"sens","85"
"John Lusby Marsh National Wildlife Area","MPA",5.38000618051625,4,0.382417919138572,"sens","85"
"Musquash Estuary Marine Protected Area","MPA",7.42151010804729,5,0.365270046360904,"sens","85"
"Corsair/Georges Canyons Conservation Area","OECM",7163.39579606268,6,0.353232651029128,"sens","85"
"Corsair/Georges Canyons Conservation Area","OECM",1650.45083253763,7,0.320997615669557,"sens","85"
"Jordan Basin Conservation Area","OECM",48.8261842124078,8,0.353232651029128,"sens","85"
"Western Emerald Bank Conservation Area","OECM",9634.39751162809,9,0.320997615669557,"sens","85"
"Western Emerald Bank Conservation Area","OECM",597.406042399414,10,0.320997615669557,"sens","85"
"Northeast Channel Coral Conservation Area","OECM",390.864154904646,11,0.353232651029128,"sens","85"
"Emerald Basin Sponge Conservation Area","OECM",197.063240571096,12,0.320997615669557,"sens","85"
"Sambro Bank Sponge Conservation Area","OECM",62.5376059500454,13,0.320997615669557,"sens","85"
"St Anns Bank Marine Protected Area","MPA",4374.02367120912,14,0.355884299175543,"sens","85"
"The Gully Marine Protected Area","MPA",2363.92158622877,15,0.285106238755472,"sens","85"
"Eastern Shoal","Draft",56.6940885364327,16,0.355884299175543,"sens","85"
"Eastern Shoal","Draft",675.021491221952,17,0.285106238755472,"sens","85"
"Scotian Gulf","Draft",1952.47468525818,18,0.320997615669557,"sens","85"
"Central Scotian Slope, Rise and Abyss","Draft",18201.1126042619,19,0.320997615669557,"sens","85"
"Georges Bank","Draft",717.40114515331,20,0.353232651029128,"sens","85"
"Roseway Bank","Draft",203.079842592293,21,0.353232651029128,"sens","85"
"Roseway Bank","Draft",1293.05612264259,22,0.320997615669557,"sens","85"
"LaHave Basin","Draft",1564.47132682843,23,0.320997615669557,"sens","85"
"Cold Seeps","Draft",1989.54752836381,24,0.285106238755472,"sens","85"
"Misaine Bank and Laurentian Channel","Draft",2452.59413930404,25,0.355884299175543,"sens","85"
"North of Emerald Basin Sea Pen Field","Draft",260.463753030471,26,0.320997615669557,"sens","85"
"Northern Gulf of Maine","Draft",975.886233382271,27,0.353232651029128,"sens","85"
"Middle Bank-Canso Bank","Draft",756.862596833472,28,0.382417919138572,"sens","85"
"Middle Bank-Canso Bank","Draft",500.523335336274,29,0.355884299175543,"sens","85"
"Middle Bank-Canso Bank","Draft",2177.17446061815,30,0.320997615669557,"sens","85"
"Middle Bank-Canso Bank","Draft",500.279052450595,31,0.285106238755472,"sens","85"
"Sable Island Bank","Draft",1647.99900540771,32,0.320997615669557,"sens","85"
"Western Jordan Basin","Draft",558.463394316761,33,0.353232651029128,"sens","85"
"Eastern Shore Islands","AOI",2135.42537649273,34,0.320997615669557,"sens","85"
"Big Glace Bay","Draft",5.30693326117209,35,0.355884299175543,"sens","85"
"Point Michaud and Basque Islands","Draft",54.2759000692839,36,0.382417919138572,"sens","85"
"Canso Ledges - Sugar Harbour Islands","Draft",655.07642752536,37,0.382417919138572,"sens","85"
"Sambro Ledges - Prospect","Draft",369.722406360307,38,0.320997615669557,"sens","85"
"LaHave Islands","Draft",142.608020584176,39,0.320997615669557,"sens","85"
"Port Joli and Surrounding Areas","Draft",13.6482717088525,40,0.353232651029128,"sens","85"
"Port Joli and Surrounding Areas","Draft",131.630406553354,41,0.320997615669557,"sens","85"
"Bon Portage Island","Draft",13.9991227582152,42,0.353232651029128,"sens","85"
"Chebogue","Draft",111.291500959341,43,0.353232651029128,"sens","85"
"Southern Bight","Draft",216.117188378571,44,0.382417919138572,"sens","85"
"Southern Bight","Draft",1.44699652152209,45,0.320997615669557,"sens","85"
"Pearl Island","Draft",82.3449319092439,46,0.320997615669557,"sens","85"
"South Grand Manan","Draft",413.855364317355,47,0.353232651029128,"sens","85"
"Long Eddy","Draft",34.5363922491119,48,0.353232651029128,"sens","85"
"Horse Mussel Reefs","Draft",490.952749124708,49,0.365270046360904,"sens","85"
"Horse Mussel Reefs","Draft",134.633322265216,50,0.353232651029128,"sens","85"
"Bird Islands","Draft",11.1538563156824,51,0.382417919138572,"sens","85"
"Bras d’Or Lakes EBSA","Draft",1456.70356545536,52,0.382417919138572,"sens","85"
"Brier Island","Draft",999.155893999486,53,0.353232651029128,"sens","85"
"Chignecto Bay","Draft",408.196644090458,54,0.382417919138572,"sens","85"
"Head Harbour, West Isles and The Passages","Draft",37.6468784169941,55,0.365270046360904,"sens","85"
"Head Harbour, West Isles and The Passages","Draft",66.0813409363152,56,0.353232651029128,"sens","85"
"Fundian Channel-Browns Bank","AOI",7252.77213729093,57,0.353232651029128,"sens","85"
"Eastern Canyons Marine Refuge","OECM",43976.2714732577,58,0.285106238755472,"sens","85"
"Machias Seal Island Migratory Bird Sanctuary","MPA",25.2774718518548,1,0.573488119489107,"adcap","85"
"Kejimkujik Seaside National Park and Historic Site","MPA",1.29712593598309,2,0.581216765570583,"adcap","85"
"Boot Island National Wildlife Area","MPA",0.889392722224477,3,0.555471458632591,"adcap","85"
"John Lusby Marsh National Wildlife Area","MPA",5.38000618051625,4,0.555471458632591,"adcap","85"
"Musquash Estuary Marine Protected Area","MPA",7.42151010804729,5,0.566162437140259,"adcap","85"
"Corsair/Georges Canyons Conservation Area","OECM",7163.39579606268,6,0.573488119489107,"adcap","85"
"Corsair/Georges Canyons Conservation Area","OECM",1650.45083253763,7,0.581216765570583,"adcap","85"
"Jordan Basin Conservation Area","OECM",48.8261842124078,8,0.573488119489107,"adcap","85"
"Western Emerald Bank Conservation Area","OECM",9634.39751162809,9,0.581216765570583,"adcap","85"
"Western Emerald Bank Conservation Area","OECM",597.406042399414,10,0.581216765570583,"adcap","85"
"Northeast Channel Coral Conservation Area","OECM",390.864154904646,11,0.573488119489107,"adcap","85"
"Emerald Basin Sponge Conservation Area","OECM",197.063240571096,12,0.581216765570583,"adcap","85"
"Sambro Bank Sponge Conservation Area","OECM",62.5376059500454,13,0.581216765570583,"adcap","85"
"St Anns Bank Marine Protected Area","MPA",4374.02367120912,14,0.559609772708672,"adcap","85"
"The Gully Marine Protected Area","MPA",2363.92158622877,15,0.58775187099419,"adcap","85"
"Eastern Shoal","Draft",56.6940885364327,16,0.559609772708672,"adcap","85"
"Eastern Shoal","Draft",675.021491221952,17,0.58775187099419,"adcap","85"
"Scotian Gulf","Draft",1952.47468525818,18,0.581216765570583,"adcap","85"
"Central Scotian Slope, Rise and Abyss","Draft",18201.1126042619,19,0.581216765570583,"adcap","85"
"Georges Bank","Draft",717.40114515331,20,0.573488119489107,"adcap","85"
"Roseway Bank","Draft",203.079842592293,21,0.573488119489107,"adcap","85"
"Roseway Bank","Draft",1293.05612264259,22,0.581216765570583,"adcap","85"
"LaHave Basin","Draft",1564.47132682843,23,0.581216765570583,"adcap","85"
"Cold Seeps","Draft",1989.54752836381,24,0.58775187099419,"adcap","85"
"Misaine Bank and Laurentian Channel","Draft",2452.59413930404,25,0.559609772708672,"adcap","85"
"North of Emerald Basin Sea Pen Field","Draft",260.463753030471,26,0.581216765570583,"adcap","85"
"Northern Gulf of Maine","Draft",975.886233382271,27,0.573488119489107,"adcap","85"
"Middle Bank-Canso Bank","Draft",756.862596833472,28,0.555471458632591,"adcap","85"
"Middle Bank-Canso Bank","Draft",500.523335336274,29,0.559609772708672,"adcap","85"
"Middle Bank-Canso Bank","Draft",2177.17446061815,30,0.581216765570583,"adcap","85"
"Middle Bank-Canso Bank","Draft",500.279052450595,31,0.58775187099419,"adcap","85"
"Sable Island Bank","Draft",1647.99900540771,32,0.581216765570583,"adcap","85"
"Western Jordan Basin","Draft",558.463394316761,33,0.573488119489107,"adcap","85"
"Eastern Shore Islands","AOI",2135.42537649273,34,0.581216765570583,"adcap","85"
"Big Glace Bay","Draft",5.30693326117209,35,0.559609772708672,"adcap","85"
"Point Michaud and Basque Islands","Draft",54.2759000692839,36,0.555471458632591,"adcap","85"
"Canso Ledges - Sugar Harbour Islands","Draft",655.07642752536,37,0.555471458632591,"adcap","85"
"Sambro Ledges - Prospect","Draft",369.722406360307,38,0.581216765570583,"adcap","85"
"LaHave Islands","Draft",142.608020584176,39,0.581216765570583,"adcap","85"
"Port Joli and Surrounding Areas","Draft",13.6482717088525,40,0.573488119489107,"adcap","85"
"Port Joli and Surrounding Areas","Draft",131.630406553354,41,0.581216765570583,"adcap","85"
"Bon Portage Island","Draft",13.9991227582152,42,0.573488119489107,"adcap","85"
"Chebogue","Draft",111.291500959341,43,0.573488119489107,"adcap","85"
"Southern Bight","Draft",216.117188378571,44,0.555471458632591,"adcap","85"
"Southern Bight","Draft",1.44699652152209,45,0.581216765570583,"adcap","85"
"Pearl Island","Draft",82.3449319092439,46,0.581216765570583,"adcap","85"
"South Grand Manan","Draft",413.855364317355,47,0.573488119489107,"adcap","85"
"Long Eddy","Draft",34.5363922491119,48,0.573488119489107,"adcap","85"
"Horse Mussel Reefs","Draft",490.952749124708,49,0.566162437140259,"adcap","85"
"Horse Mussel Reefs","Draft",134.633322265216,50,0.573488119489107,"adcap","85"
"Bird Islands","Draft",11.1538563156824,51,0.555471458632591,"adcap","85"
"Bras d’Or Lakes EBSA","Draft",1456.70356545536,52,0.555471458632591,"adcap","85"
"Brier Island","Draft",999.155893999486,53,0.573488119489107,"adcap","85"
"Chignecto Bay","Draft",408.196644090458,54,0.555471458632591,"adcap","85"
"Head Harbour, West Isles and The Passages","Draft",37.6468784169941,55,0.566162437140259,"adcap","85"
"Head Harbour, West Isles and The Passages","Draft",66.0813409363152,56,0.573488119489107,"adcap","85"
"Fundian Channel-Browns Bank","AOI",7252.77213729093,57,0.573488119489107,"adcap","85"
"Eastern Canyons Marine Refuge","OECM",43976.2714732577,58,0.58775187099419,"adcap","85"
"Machias Seal Island Migratory Bird Sanctuary","MPA",25.2774718518548,1,0.0784123531851785,"vulnsd","85"
"Kejimkujik Seaside National Park and Historic Site","MPA",1.29712593598309,2,0.0678937360952311,"vulnsd","85"
"Boot Island National Wildlife Area","MPA",0.889392722224477,3,0.082386688192721,"vulnsd","85"
"John Lusby Marsh National Wildlife Area","MPA",5.38000618051625,4,0.082386688192721,"vulnsd","85"
"Musquash Estuary Marine Protected Area","MPA",7.42151010804729,5,0.0830133628306819,"vulnsd","85"
"Corsair/Georges Canyons Conservation Area","OECM",7163.39579606268,6,0.0784123531851785,"vulnsd","85"
"Corsair/Georges Canyons Conservation Area","OECM",1650.45083253763,7,0.0678937360952311,"vulnsd","85"
"Jordan Basin Conservation Area","OECM",48.8261842124078,8,0.0784123531851785,"vulnsd","85"
"Western Emerald Bank Conservation Area","OECM",9634.39751162809,9,0.0678937360952311,"vulnsd","85"
"Western Emerald Bank Conservation Area","OECM",597.406042399414,10,0.0678937360952311,"vulnsd","85"
"Northeast Channel Coral Conservation Area","OECM",390.864154904646,11,0.0784123531851785,"vulnsd","85"
"Emerald Basin Sponge Conservation Area","OECM",197.063240571096,12,0.0678937360952311,"vulnsd","85"
"Sambro Bank Sponge Conservation Area","OECM",62.5376059500454,13,0.0678937360952311,"vulnsd","85"
"St Anns Bank Marine Protected Area","MPA",4374.02367120912,14,0.0781748310150309,"vulnsd","85"
"The Gully Marine Protected Area","MPA",2363.92158622877,15,0.0614392365536463,"vulnsd","85"
"Eastern Shoal","Draft",56.6940885364327,16,0.0781748310150309,"vulnsd","85"
"Eastern Shoal","Draft",675.021491221952,17,0.0614392365536463,"vulnsd","85"
"Scotian Gulf","Draft",1952.47468525818,18,0.0678937360952311,"vulnsd","85"
"Central Scotian Slope, Rise and Abyss","Draft",18201.1126042619,19,0.0678937360952311,"vulnsd","85"
"Georges Bank","Draft",717.40114515331,20,0.0784123531851785,"vulnsd","85"
"Roseway Bank","Draft",203.079842592293,21,0.0784123531851785,"vulnsd","85"
"Roseway Bank","Draft",1293.05612264259,22,0.0678937360952311,"vulnsd","85"
"LaHave Basin","Draft",1564.47132682843,23,0.0678937360952311,"vulnsd","85"
"Cold Seeps","Draft",1989.54752836381,24,0.0614392365536463,"vulnsd","85"
"Misaine Bank and Laurentian Channel","Draft",2452.59413930404,25,0.0781748310150309,"vulnsd","85"
"North of Emerald Basin Sea Pen Field","Draft",260.463753030471,26,0.0678937360952311,"vulnsd","85"
"Northern Gulf of Maine","Draft",975.886233382271,27,0.0784123531851785,"vulnsd","85"
"Middle Bank-Canso Bank","Draft",756.862596833472,28,0.082386688192721,"vulnsd","85"
"Middle Bank-Canso Bank","Draft",500.523335336274,29,0.0781748310150309,"vulnsd","85"
"Middle Bank-Canso Bank","Draft",2177.17446061815,30,0.0678937360952311,"vulnsd","85"
"Middle Bank-Canso Bank","Draft",500.279052450595,31,0.0614392365536463,"vulnsd","85"
"Sable Island Bank","Draft",1647.99900540771,32,0.0678937360952311,"vulnsd","85"
"Western Jordan Basin","Draft",558.463394316761,33,0.0784123531851785,"vulnsd","85"
"Eastern Shore Islands","AOI",2135.42537649273,34,0.0678937360952311,"vulnsd","85"
"Big Glace Bay","Draft",5.30693326117209,35,0.0781748310150309,"vulnsd","85"
"Point Michaud and Basque Islands","Draft",54.2759000692839,36,0.082386688192721,"vulnsd","85"
"Canso Ledges - Sugar Harbour Islands","Draft",655.07642752536,37,0.082386688192721,"vulnsd","85"
"Sambro Ledges - Prospect","Draft",369.722406360307,38,0.0678937360952311,"vulnsd","85"
"LaHave Islands","Draft",142.608020584176,39,0.0678937360952311,"vulnsd","85"
"Port Joli and Surrounding Areas","Draft",13.6482717088525,40,0.0784123531851785,"vulnsd","85"
"Port Joli and Surrounding Areas","Draft",131.630406553354,41,0.0678937360952311,"vulnsd","85"
"Bon Portage Island","Draft",13.9991227582152,42,0.0784123531851785,"vulnsd","85"
"Chebogue","Draft",111.291500959341,43,0.0784123531851785,"vulnsd","85"
"Southern Bight","Draft",216.117188378571,44,0.082386688192721,"vulnsd","85"
"Southern Bight","Draft",1.44699652152209,45,0.0678937360952311,"vulnsd","85"
"Pearl Island","Draft",82.3449319092439,46,0.0678937360952311,"vulnsd","85"
"South Grand Manan","Draft",413.855364317355,47,0.0784123531851785,"vulnsd","85"
"Long Eddy","Draft",34.5363922491119,48,0.0784123531851785,"vulnsd","85"
"Horse Mussel Reefs","Draft",490.952749124708,49,0.0830133628306819,"vulnsd","85"
"Horse Mussel Reefs","Draft",134.633322265216,50,0.0784123531851785,"vulnsd","85"
"Bird Islands","Draft",11.1538563156824,51,0.082386688192721,"vulnsd","85"
"Bras d’Or Lakes EBSA","Draft",1456.70356545536,52,0.082386688192721,"vulnsd","85"
"Brier Island","Draft",999.155893999486,53,0.0784123531851785,"vulnsd","85"
"Chignecto Bay","Draft",408.196644090458,54,0.082386688192721,"vulnsd","85"
"Head Harbour, West Isles and The Passages","Draft",37.6468784169941,55,0.0830133628306819,"vulnsd","85"
"Head Harbour, West Isles and The Passages","Draft",66.0813409363152,56,0.0784123531851785,"vulnsd","85"
"Fundian Channel-Browns Bank","AOI",7252.77213729093,57,0.0784123531851785,"vulnsd","85"
"Eastern Canyons Marine Refuge","OECM",43976.2714732577,58,0.0614392365536463,"vulnsd","85"
